taxon,resolution,frequence,datetime,run_id,x,y
Acari,600,15,2025-03-10T00:45:00Z,BAC01_1_600_15_run01,1,1
Acari,600,15,2025-03-10T02:45:00Z,BAC01_1_600_15_run02,1,1
Acari,600,15,2025-03-21T09:45:00Z,BAC01_2_600_15_run01,1,1
Acari,600,15,2025-03-21T11:45:00Z,BAC01_2_600_15_run02,1,1
Acari,600,15,2025-04-10T02:00:00Z,BAC01_4_600_15_run01,1,1
Acari,600,15,2025-04-10T02:30:00Z,BAC01_4_600_15_run02,1,1
Acari,600,15,2025-03-13T09:00:00Z,BAC03_1_600_15_run01,1,1
Acari,600,15,2025-04-06T19:00:00Z,BAC03_4_600_15_run01,1,1
Acari,600,15,2025-04-06T19:30:00Z,BAC03_4_600_15_run02,1,1
Acari,600,15,2025-04-06T20:45:00Z,BAC03_4_600_15_run03,1,1
Acari,600,60,2025-03-06T15:00:00Z,BAC01_1_600_60_run01,1,1
Acari,600,60,2025-03-06T16:00:00Z,BAC01_1_600_60_run01,2,2
Acari,600,60,2025-03-06T17:00:00Z,BAC01_1_600_60_run01,3,3
Acari,600,60,2025-03-23T15:00:00Z,BAC02_2_600_60_run01,1,1
Acari,600,60,2025-04-13T00:00:00Z,BAC02_4_600_60_run01,1,1
Acari,600,60,2025-04-13T05:00:00Z,BAC02_4_600_60_run02,1,1
Acari,600,60,2025-03-03T09:00:00Z,BAC03_1_600_60_run01,1,1
Acari,600,60,2025-03-13T04:00:00Z,BAC03_1_600_60_run02,1,1
Acari,600,60,2025-04-09T18:00:00Z,BAC03_4_600_60_run01,1,1
Acari,600,60,2025-04-09T21:00:00Z,BAC03_4_600_60_run02,1,1
Acari,600,360,2025-03-04T19:00:00Z,BAC01_1_600_360_run01,1,1
Acari,600,360,2025-03-05T01:00:00Z,BAC01_1_600_360_run01,2,2
Acari,600,360,2025-03-05T19:00:00Z,BAC01_1_600_360_run02,1,1
Acari,600,360,2025-04-10T16:00:00Z,BAC01_4_600_360_run01,1,1
Acari,600,360,2025-04-12T10:00:00Z,BAC01_4_600_360_run02,1,2
Acari,600,360,2025-03-16T13:00:00Z,BAC02_2_600_360_run01,1,1
Acari,600,360,2025-04-09T15:00:00Z,BAC02_4_600_360_run01,1,1
Acari,600,360,2025-03-16T10:00:00Z,BAC03_2_600_360_run01,1,1
Acari,600,360,2025-04-12T10:00:00Z,BAC03_4_600_360_run01,1,1
Acari,1200,15,2025-03-09T21:15:00Z,BAC01_1_1200_15_run01,1,1
Acari,1200,15,2025-03-09T21:30:00Z,BAC01_1_1200_15_run01,2,3
Acari,1200,15,2025-03-09T22:15:00Z,BAC01_1_1200_15_run02,1,1
Acari,1200,15,2025-03-09T22:30:00Z,BAC01_1_1200_15_run02,2,3
Acari,1200,15,2025-03-09T23:30:00Z,BAC01_1_1200_15_run03,1,1
Acari,1200,15,2025-03-09T23:45:00Z,BAC01_1_1200_15_run03,2,3
Acari,1200,15,2025-03-21T12:15:00Z,BAC01_2_1200_15_run01,1,2
Acari,1200,15,2025-03-21T12:30:00Z,BAC01_2_1200_15_run01,2,4
Acari,1200,15,2025-03-21T13:00:00Z,BAC01_2_1200_15_run02,1,1
Acari,1200,15,2025-03-21T14:15:00Z,BAC01_2_1200_15_run03,1,4
Acari,1200,15,2025-03-21T14:30:00Z,BAC01_2_1200_15_run03,2,10
Acari,1200,15,2025-03-21T14:45:00Z,BAC01_2_1200_15_run03,3,12
Acari,1200,15,2025-04-12T23:15:00Z,BAC01_4_1200_15_run01,1,1
Acari,1200,15,2025-04-12T23:30:00Z,BAC01_4_1200_15_run01,2,2
Acari,1200,15,2025-04-13T00:00:00Z,BAC01_4_1200_15_run02,1,1
Acari,1200,15,2025-04-13T00:15:00Z,BAC01_4_1200_15_run02,2,3
Acari,1200,15,2025-04-13T00:45:00Z,BAC01_4_1200_15_run03,1,1
Acari,1200,15,2025-04-13T01:00:00Z,BAC01_4_1200_15_run03,2,2
Acari,1200,15,2025-04-13T01:15:00Z,BAC01_4_1200_15_run03,3,4
Acari,1200,15,2025-04-13T01:30:00Z,BAC01_4_1200_15_run03,4,5
Acari,1200,15,2025-04-13T01:45:00Z,BAC01_4_1200_15_run03,5,6
Acari,1200,15,2025-03-10T01:15:00Z,BAC02_1_1200_15_run01,1,1
Acari,1200,15,2025-03-10T02:30:00Z,BAC02_1_1200_15_run02,1,1
Acari,1200,15,2025-03-23T07:15:00Z,BAC02_2_1200_15_run01,1,1
Acari,1200,15,2025-03-23T07:30:00Z,BAC02_2_1200_15_run01,2,3
Acari,1200,15,2025-03-23T07:45:00Z,BAC02_2_1200_15_run01,3,5
Acari,1200,15,2025-03-23T08:00:00Z,BAC02_2_1200_15_run01,4,6
Acari,1200,15,2025-03-23T08:15:00Z,BAC02_2_1200_15_run01,5,9
Acari,1200,15,2025-03-23T08:30:00Z,BAC02_2_1200_15_run01,6,10
Acari,1200,15,2025-03-23T08:45:00Z,BAC02_2_1200_15_run01,7,11
Acari,1200,15,2025-03-23T09:00:00Z,BAC02_2_1200_15_run01,8,12
Acari,1200,15,2025-03-23T09:15:00Z,BAC02_2_1200_15_run01,9,13
Acari,1200,15,2025-03-23T09:30:00Z,BAC02_2_1200_15_run01,10,14
Acari,1200,15,2025-03-23T09:45:00Z,BAC02_2_1200_15_run01,11,16
Acari,1200,15,2025-04-16T06:15:00Z,BAC02_4_1200_15_run01,1,1
Acari,1200,15,2025-04-16T06:30:00Z,BAC02_4_1200_15_run01,2,2
Acari,1200,15,2025-04-16T07:00:00Z,BAC02_4_1200_15_run02,1,2
Acari,1200,15,2025-04-16T07:30:00Z,BAC02_4_1200_15_run03,1,1
Acari,1200,15,2025-04-16T08:15:00Z,BAC02_4_1200_15_run04,1,1
Acari,1200,15,2025-04-16T08:30:00Z,BAC02_4_1200_15_run04,2,2
Acari,1200,15,2025-03-06T14:15:00Z,BAC03_1_1200_15_run01,1,1
Acari,1200,15,2025-03-06T14:30:00Z,BAC03_1_1200_15_run01,2,2
Acari,1200,15,2025-03-06T15:00:00Z,BAC03_1_1200_15_run02,1,2
Acari,1200,15,2025-03-06T15:45:00Z,BAC03_1_1200_15_run03,1,2
Acari,1200,15,2025-03-06T16:15:00Z,BAC03_1_1200_15_run04,1,1
Acari,1200,15,2025-03-06T16:45:00Z,BAC03_1_1200_15_run05,1,2
Acari,1200,15,2025-03-14T07:15:00Z,BAC03_2_1200_15_run01,1,2
Acari,1200,15,2025-03-14T08:00:00Z,BAC03_2_1200_15_run02,1,1
Acari,1200,15,2025-03-14T08:15:00Z,BAC03_2_1200_15_run02,2,2
Acari,1200,15,2025-03-14T09:00:00Z,BAC03_2_1200_15_run03,1,1
Acari,1200,15,2025-04-16T06:15:00Z,BAC03_4_1200_15_run01,1,1
Acari,1200,15,2025-04-16T06:30:00Z,BAC03_4_1200_15_run01,2,2
Acari,1200,15,2025-04-16T07:30:00Z,BAC03_4_1200_15_run02,1,2
Acari,1200,15,2025-04-16T07:45:00Z,BAC03_4_1200_15_run02,2,3
Acari,1200,15,2025-04-16T08:15:00Z,BAC03_4_1200_15_run03,1,1
Acari,1200,60,2025-03-06T03:00:00Z,BAC01_1_1200_60_run01,1,3
Acari,1200,60,2025-03-06T05:00:00Z,BAC01_1_1200_60_run02,1,2
Acari,1200,60,2025-03-06T06:00:00Z,BAC01_1_1200_60_run02,2,3
Acari,1200,60,2025-03-06T07:00:00Z,BAC01_1_1200_60_run02,3,4
Acari,1200,60,2025-03-06T09:00:00Z,BAC01_1_1200_60_run03,1,4
Acari,1200,60,2025-03-06T10:00:00Z,BAC01_1_1200_60_run03,2,6
Acari,1200,60,2025-03-06T11:00:00Z,BAC01_1_1200_60_run03,3,9
Acari,1200,60,2025-03-06T12:00:00Z,BAC01_1_1200_60_run03,4,11
Acari,1200,60,2025-03-06T13:00:00Z,BAC01_1_1200_60_run03,5,13
Acari,1200,60,2025-03-18T08:00:00Z,BAC01_2_1200_60_run01,1,2
Acari,1200,60,2025-03-18T10:00:00Z,BAC01_2_1200_60_run02,1,1
Acari,1200,60,2025-03-18T11:00:00Z,BAC01_2_1200_60_run02,2,3
Acari,1200,60,2025-03-18T13:00:00Z,BAC01_2_1200_60_run03,1,2
Acari,1200,60,2025-04-09T14:00:00Z,BAC01_4_1200_60_run01,1,2
Acari,1200,60,2025-04-09T16:00:00Z,BAC01_4_1200_60_run02,1,1
Acari,1200,60,2025-04-09T17:00:00Z,BAC01_4_1200_60_run02,2,6
Acari,1200,60,2025-04-09T18:00:00Z,BAC01_4_1200_60_run02,3,7
Acari,1200,60,2025-04-09T19:00:00Z,BAC01_4_1200_60_run02,4,9
Acari,1200,60,2025-04-09T20:00:00Z,BAC01_4_1200_60_run02,5,11
Acari,1200,60,2025-04-09T21:00:00Z,BAC01_4_1200_60_run02,6,15
Acari,1200,60,2025-04-09T23:00:00Z,BAC01_4_1200_60_run03,1,6
Acari,1200,60,2025-04-10T00:00:00Z,BAC01_4_1200_60_run03,2,7
Acari,1200,60,2025-03-24T00:00:00Z,BAC02_2_1200_60_run01,1,2
Acari,1200,60,2025-03-24T01:00:00Z,BAC02_2_1200_60_run01,2,3
Acari,1200,60,2025-03-24T02:00:00Z,BAC02_2_1200_60_run01,3,5
Acari,1200,60,2025-03-24T05:00:00Z,BAC02_2_1200_60_run02,1,1
Acari,1200,60,2025-03-24T06:00:00Z,BAC02_2_1200_60_run02,2,4
Acari,1200,60,2025-03-24T07:00:00Z,BAC02_2_1200_60_run02,3,8
Acari,1200,60,2025-03-24T08:00:00Z,BAC02_2_1200_60_run02,4,9
Acari,1200,60,2025-03-24T09:00:00Z,BAC02_2_1200_60_run02,5,10
Acari,1200,60,2025-04-06T10:00:00Z,BAC02_4_1200_60_run01,1,3
Acari,1200,60,2025-04-06T11:00:00Z,BAC02_4_1200_60_run01,2,4
Acari,1200,60,2025-04-06T12:00:00Z,BAC02_4_1200_60_run01,3,7
Acari,1200,60,2025-04-06T13:00:00Z,BAC02_4_1200_60_run01,4,8
Acari,1200,60,2025-04-06T14:00:00Z,BAC02_4_1200_60_run01,5,9
Acari,1200,60,2025-04-06T15:00:00Z,BAC02_4_1200_60_run01,6,11
Acari,1200,60,2025-04-06T16:00:00Z,BAC02_4_1200_60_run01,7,13
Acari,1200,60,2025-04-06T17:00:00Z,BAC02_4_1200_60_run01,8,16
Acari,1200,60,2025-04-06T19:00:00Z,BAC02_4_1200_60_run02,1,2
Acari,1200,60,2025-04-06T20:00:00Z,BAC02_4_1200_60_run02,2,4
Acari,1200,60,2025-03-14T16:00:00Z,BAC03_2_1200_60_run01,1,3
Acari,1200,60,2025-03-14T17:00:00Z,BAC03_2_1200_60_run01,2,4
Acari,1200,60,2025-03-14T18:00:00Z,BAC03_2_1200_60_run01,3,5
Acari,1200,60,2025-03-14T19:00:00Z,BAC03_2_1200_60_run01,4,7
Acari,1200,60,2025-03-14T20:00:00Z,BAC03_2_1200_60_run01,5,9
Acari,1200,60,2025-04-06T07:00:00Z,BAC03_4_1200_60_run01,1,1
Acari,1200,60,2025-04-06T08:00:00Z,BAC03_4_1200_60_run01,2,2
Acari,1200,60,2025-04-06T09:00:00Z,BAC03_4_1200_60_run01,3,3
Acari,1200,60,2025-04-06T10:00:00Z,BAC03_4_1200_60_run01,4,9
Acari,1200,60,2025-04-06T11:00:00Z,BAC03_4_1200_60_run01,5,11
Acari,1200,60,2025-04-06T12:00:00Z,BAC03_4_1200_60_run01,6,12
Acari,1200,60,2025-04-06T13:00:00Z,BAC03_4_1200_60_run01,7,13
Acari,1200,60,2025-04-06T14:00:00Z,BAC03_4_1200_60_run01,8,17
Acari,1200,60,2025-04-06T15:00:00Z,BAC03_4_1200_60_run01,9,19
Acari,1200,60,2025-04-06T16:00:00Z,BAC03_4_1200_60_run01,10,20
Acari,1200,60,2025-04-06T17:00:00Z,BAC03_4_1200_60_run01,11,23
Acari,1200,360,2025-03-10T21:00:00Z,BAC01_1_1200_360_run01,1,3
Acari,1200,360,2025-03-11T03:00:00Z,BAC01_1_1200_360_run01,2,5
Acari,1200,360,2025-03-11T21:00:00Z,BAC01_1_1200_360_run02,1,2
Acari,1200,360,2025-03-12T03:00:00Z,BAC01_1_1200_360_run02,2,4
Acari,1200,360,2025-03-12T21:00:00Z,BAC01_1_1200_360_run03,1,1
Acari,1200,360,2025-03-13T03:00:00Z,BAC01_1_1200_360_run03,2,2
Acari,1200,360,2025-03-18T20:00:00Z,BAC01_2_1200_360_run01,1,2
Acari,1200,360,2025-03-19T02:00:00Z,BAC01_2_1200_360_run01,2,4
Acari,1200,360,2025-03-19T08:00:00Z,BAC01_2_1200_360_run01,3,7
Acari,1200,360,2025-03-19T20:00:00Z,BAC01_2_1200_360_run02,1,3
Acari,1200,360,2025-03-20T02:00:00Z,BAC01_2_1200_360_run02,2,6
Acari,1200,360,2025-03-20T08:00:00Z,BAC01_2_1200_360_run02,3,7
Acari,1200,360,2025-03-20T14:00:00Z,BAC01_2_1200_360_run02,4,8
Acari,1200,360,2025-03-20T20:00:00Z,BAC01_2_1200_360_run02,5,9
Acari,1200,360,2025-03-21T02:00:00Z,BAC01_2_1200_360_run02,6,15
Acari,1200,360,2025-03-21T08:00:00Z,BAC01_2_1200_360_run02,7,16
Acari,1200,360,2025-04-07T00:00:00Z,BAC01_4_1200_360_run01,1,2
Acari,1200,360,2025-04-07T06:00:00Z,BAC01_4_1200_360_run01,2,9
Acari,1200,360,2025-04-07T18:00:00Z,BAC01_4_1200_360_run02,1,1
Acari,1200,360,2025-04-08T00:00:00Z,BAC01_4_1200_360_run02,2,2
Acari,1200,360,2025-04-08T06:00:00Z,BAC01_4_1200_360_run02,3,8
Acari,1200,360,2025-04-08T12:00:00Z,BAC01_4_1200_360_run02,4,11
Acari,1200,360,2025-04-08T18:00:00Z,BAC01_4_1200_360_run02,5,12
Acari,1200,360,2025-04-09T00:00:00Z,BAC01_4_1200_360_run02,6,14
Acari,1200,360,2025-04-09T06:00:00Z,BAC01_4_1200_360_run02,7,16
Acari,1200,360,2025-04-09T12:00:00Z,BAC01_4_1200_360_run02,8,19
Acari,1200,360,2025-03-10T21:00:00Z,BAC02_1_1200_360_run01,1,2
Acari,1200,360,2025-03-11T09:00:00Z,BAC02_1_1200_360_run02,1,1
Acari,1200,360,2025-03-11T21:00:00Z,BAC02_1_1200_360_run03,1,1
Acari,1200,360,2025-03-12T21:00:00Z,BAC02_1_1200_360_run04,1,1
Acari,1200,360,2025-03-13T03:00:00Z,BAC02_1_1200_360_run04,2,4
Acari,1200,360,2025-03-13T09:00:00Z,BAC02_1_1200_360_run04,3,5
Acari,1200,360,2025-03-20T21:00:00Z,BAC02_2_1200_360_run01,1,2
Acari,1200,360,2025-03-21T03:00:00Z,BAC02_2_1200_360_run01,2,5
Acari,1200,360,2025-03-21T09:00:00Z,BAC02_2_1200_360_run01,3,7
Acari,1200,360,2025-03-21T21:00:00Z,BAC02_2_1200_360_run02,1,1
Acari,1200,360,2025-03-22T03:00:00Z,BAC02_2_1200_360_run02,2,4
Acari,1200,360,2025-03-22T09:00:00Z,BAC02_2_1200_360_run02,3,5
Acari,1200,360,2025-03-22T15:00:00Z,BAC02_2_1200_360_run02,4,7
Acari,1200,360,2025-03-22T21:00:00Z,BAC02_2_1200_360_run02,5,10
Acari,1200,360,2025-03-23T03:00:00Z,BAC02_2_1200_360_run02,6,13
Acari,1200,360,2025-04-10T10:00:00Z,BAC02_4_1200_360_run01,1,1
Acari,1200,360,2025-04-10T16:00:00Z,BAC02_4_1200_360_run01,2,2
Acari,1200,360,2025-04-11T04:00:00Z,BAC02_4_1200_360_run02,1,2
Acari,1200,360,2025-03-10T06:00:00Z,BAC03_1_1200_360_run01,1,1
Acari,1200,360,2025-03-10T12:00:00Z,BAC03_1_1200_360_run01,2,2
Acari,1200,360,2025-03-11T00:00:00Z,BAC03_1_1200_360_run02,1,1
Acari,1200,360,2025-03-11T18:00:00Z,BAC03_1_1200_360_run03,1,1
Acari,1200,360,2025-03-18T17:00:00Z,BAC03_2_1200_360_run01,1,1
Acari,1200,360,2025-03-19T05:00:00Z,BAC03_2_1200_360_run02,1,1
Acari,1200,360,2025-03-19T11:00:00Z,BAC03_2_1200_360_run02,2,2
Acari,1200,360,2025-03-20T05:00:00Z,BAC03_2_1200_360_run03,1,3
Acari,1200,360,2025-03-20T17:00:00Z,BAC03_2_1200_360_run04,1,1
Acari,1200,360,2025-04-07T03:00:00Z,BAC03_4_1200_360_run01,1,1
Acari,1200,360,2025-04-07T15:00:00Z,BAC03_4_1200_360_run02,1,2
Acari,1200,360,2025-04-07T21:00:00Z,BAC03_4_1200_360_run02,2,3
Acari,1200,360,2025-04-08T03:00:00Z,BAC03_4_1200_360_run02,3,4
Acari,1200,360,2025-04-08T09:00:00Z,BAC03_4_1200_360_run02,4,5
Acari,1200,360,2025-04-08T21:00:00Z,BAC03_4_1200_360_run03,1,2
Acari,1200,360,2025-04-09T09:00:00Z,BAC03_4_1200_360_run04,1,2
Acari,2400,60,2025-03-10T04:00:00Z,BAC01_1_2400_60_run01,1,3
Acari,2400,60,2025-03-10T05:00:00Z,BAC01_1_2400_60_run01,2,6
Acari,2400,60,2025-03-10T06:00:00Z,BAC01_1_2400_60_run01,3,9
Acari,2400,60,2025-03-10T07:00:00Z,BAC01_1_2400_60_run01,4,12
Acari,2400,60,2025-03-10T08:00:00Z,BAC01_1_2400_60_run01,5,16
Acari,2400,60,2025-03-10T10:00:00Z,BAC01_1_2400_60_run02,1,1
Acari,2400,60,2025-03-10T11:00:00Z,BAC01_1_2400_60_run02,2,3
Acari,2400,60,2025-03-10T12:00:00Z,BAC01_1_2400_60_run02,3,5
Acari,2400,60,2025-03-10T13:00:00Z,BAC01_1_2400_60_run02,4,7
Acari,2400,60,2025-03-10T14:00:00Z,BAC01_1_2400_60_run02,5,9
Acari,2400,60,2025-03-14T09:00:00Z,BAC01_2_2400_60_run01,1,4
Acari,2400,60,2025-03-14T10:00:00Z,BAC01_2_2400_60_run01,2,8
Acari,2400,60,2025-03-14T11:00:00Z,BAC01_2_2400_60_run01,3,13
Acari,2400,60,2025-03-14T12:00:00Z,BAC01_2_2400_60_run01,4,19
Acari,2400,60,2025-03-14T14:00:00Z,BAC01_2_2400_60_run02,1,4
Acari,2400,60,2025-03-14T15:00:00Z,BAC01_2_2400_60_run02,2,8
Acari,2400,60,2025-03-14T16:00:00Z,BAC01_2_2400_60_run02,3,9
Acari,2400,60,2025-03-14T17:00:00Z,BAC01_2_2400_60_run02,4,12
Acari,2400,60,2025-03-14T18:00:00Z,BAC01_2_2400_60_run02,5,15
Acari,2400,60,2025-04-15T23:00:00Z,BAC01_4_2400_60_run01,1,1
Acari,2400,60,2025-04-16T00:00:00Z,BAC01_4_2400_60_run01,2,3
Acari,2400,60,2025-04-16T01:00:00Z,BAC01_4_2400_60_run01,3,4
Acari,2400,60,2025-04-16T02:00:00Z,BAC01_4_2400_60_run01,4,5
Acari,2400,60,2025-04-16T03:00:00Z,BAC01_4_2400_60_run01,5,6
Acari,2400,60,2025-04-16T04:00:00Z,BAC01_4_2400_60_run01,6,7
Acari,2400,60,2025-04-16T05:00:00Z,BAC01_4_2400_60_run01,7,9
Acari,2400,60,2025-04-16T07:00:00Z,BAC01_4_2400_60_run02,1,2
Acari,2400,60,2025-04-16T08:00:00Z,BAC01_4_2400_60_run02,2,3
Acari,2400,60,2025-03-06T06:00:00Z,BAC02_1_2400_60_run01,1,4
Acari,2400,60,2025-03-06T07:00:00Z,BAC02_1_2400_60_run01,2,6
Acari,2400,60,2025-03-06T08:00:00Z,BAC02_1_2400_60_run01,3,7
Acari,2400,60,2025-03-06T11:00:00Z,BAC02_1_2400_60_run02,1,5
Acari,2400,60,2025-03-06T12:00:00Z,BAC02_1_2400_60_run02,2,10
Acari,2400,60,2025-03-06T13:00:00Z,BAC02_1_2400_60_run02,3,12
Acari,2400,60,2025-03-06T15:00:00Z,BAC02_1_2400_60_run03,1,4
Acari,2400,60,2025-03-06T16:00:00Z,BAC02_1_2400_60_run03,2,5
Acari,2400,60,2025-03-17T03:00:00Z,BAC02_2_2400_60_run01,1,2
Acari,2400,60,2025-03-17T04:00:00Z,BAC02_2_2400_60_run01,2,4
Acari,2400,60,2025-03-17T05:00:00Z,BAC02_2_2400_60_run01,3,6
Acari,2400,60,2025-03-17T06:00:00Z,BAC02_2_2400_60_run01,4,9
Acari,2400,60,2025-03-17T08:00:00Z,BAC02_2_2400_60_run02,1,4
Acari,2400,60,2025-03-17T09:00:00Z,BAC02_2_2400_60_run02,2,8
Acari,2400,60,2025-03-17T10:00:00Z,BAC02_2_2400_60_run02,3,14
Acari,2400,60,2025-03-17T11:00:00Z,BAC02_2_2400_60_run02,4,16
Acari,2400,60,2025-03-17T12:00:00Z,BAC02_2_2400_60_run02,5,22
Acari,2400,60,2025-03-17T13:00:00Z,BAC02_2_2400_60_run02,6,30
Acari,2400,60,2025-04-06T23:00:00Z,BAC02_4_2400_60_run01,1,4
Acari,2400,60,2025-04-07T00:00:00Z,BAC02_4_2400_60_run01,2,6
Acari,2400,60,2025-04-07T01:00:00Z,BAC02_4_2400_60_run01,3,10
Acari,2400,60,2025-04-07T02:00:00Z,BAC02_4_2400_60_run01,4,13
Acari,2400,60,2025-04-07T03:00:00Z,BAC02_4_2400_60_run01,5,19
Acari,2400,60,2025-04-07T04:00:00Z,BAC02_4_2400_60_run01,6,22
Acari,2400,60,2025-04-07T05:00:00Z,BAC02_4_2400_60_run01,7,23
Acari,2400,60,2025-04-07T06:00:00Z,BAC02_4_2400_60_run01,8,27
Acari,2400,60,2025-04-07T07:00:00Z,BAC02_4_2400_60_run01,9,29
Acari,2400,60,2025-04-07T08:00:00Z,BAC02_4_2400_60_run01,10,30
Acari,2400,60,2025-03-09T13:00:00Z,BAC03_1_2400_60_run01,1,3
Acari,2400,60,2025-03-09T15:00:00Z,BAC03_1_2400_60_run02,1,1
Acari,2400,60,2025-03-09T16:00:00Z,BAC03_1_2400_60_run02,2,2
Acari,2400,60,2025-03-09T17:00:00Z,BAC03_1_2400_60_run02,3,5
Acari,2400,60,2025-03-09T19:00:00Z,BAC03_1_2400_60_run03,1,1
Acari,2400,60,2025-03-09T21:00:00Z,BAC03_1_2400_60_run04,1,4
Acari,2400,60,2025-03-09T22:00:00Z,BAC03_1_2400_60_run04,2,6
Acari,2400,60,2025-03-24T00:00:00Z,BAC03_2_2400_60_run01,1,6
Acari,2400,60,2025-03-24T01:00:00Z,BAC03_2_2400_60_run01,2,13
Acari,2400,60,2025-03-24T02:00:00Z,BAC03_2_2400_60_run01,3,15
Acari,2400,60,2025-03-24T03:00:00Z,BAC03_2_2400_60_run01,4,17
Acari,2400,60,2025-03-24T04:00:00Z,BAC03_2_2400_60_run01,5,20
Acari,2400,60,2025-03-24T05:00:00Z,BAC03_2_2400_60_run01,6,24
Acari,2400,60,2025-03-24T06:00:00Z,BAC03_2_2400_60_run01,7,26
Acari,2400,60,2025-03-24T07:00:00Z,BAC03_2_2400_60_run01,8,30
Acari,2400,60,2025-03-24T08:00:00Z,BAC03_2_2400_60_run01,9,35
Acari,2400,60,2025-03-24T09:00:00Z,BAC03_2_2400_60_run01,10,39
Acari,2400,60,2025-04-10T06:00:00Z,BAC03_4_2400_60_run01,1,2
Acari,2400,60,2025-04-10T07:00:00Z,BAC03_4_2400_60_run01,2,5
Acari,2400,60,2025-04-10T08:00:00Z,BAC03_4_2400_60_run01,3,8
Acari,2400,60,2025-04-10T09:00:00Z,BAC03_4_2400_60_run01,4,11
Acari,2400,60,2025-04-10T10:00:00Z,BAC03_4_2400_60_run01,5,12
Acari,2400,60,2025-04-10T11:00:00Z,BAC03_4_2400_60_run01,6,14
Acari,2400,60,2025-04-10T12:00:00Z,BAC03_4_2400_60_run01,7,17
Acari,2400,60,2025-04-10T13:00:00Z,BAC03_4_2400_60_run01,8,20
Acari,2400,60,2025-04-10T14:00:00Z,BAC03_4_2400_60_run01,9,23
Acari,2400,60,2025-04-10T15:00:00Z,BAC03_4_2400_60_run01,10,27
Acari,2400,360,2025-03-07T08:00:00Z,BAC01_1_2400_360_run01,1,1
Acari,2400,360,2025-03-07T14:00:00Z,BAC01_1_2400_360_run01,2,2
Acari,2400,360,2025-03-07T20:00:00Z,BAC01_1_2400_360_run01,3,4
Acari,2400,360,2025-03-08T02:00:00Z,BAC01_1_2400_360_run01,4,7
Acari,2400,360,2025-03-08T08:00:00Z,BAC01_1_2400_360_run01,5,11
Acari,2400,360,2025-03-08T14:00:00Z,BAC01_1_2400_360_run01,6,13
Acari,2400,360,2025-03-08T20:00:00Z,BAC01_1_2400_360_run01,7,14
Acari,2400,360,2025-03-09T02:00:00Z,BAC01_1_2400_360_run01,8,17
Acari,2400,360,2025-03-09T08:00:00Z,BAC01_1_2400_360_run01,9,19
Acari,2400,360,2025-03-09T14:00:00Z,BAC01_1_2400_360_run01,10,25
Acari,2400,360,2025-03-09T20:00:00Z,BAC01_1_2400_360_run01,11,27
Acari,2400,360,2025-03-15T13:00:00Z,BAC01_2_2400_360_run01,1,4
Acari,2400,360,2025-03-15T19:00:00Z,BAC01_2_2400_360_run01,2,8
Acari,2400,360,2025-03-16T01:00:00Z,BAC01_2_2400_360_run01,3,12
Acari,2400,360,2025-03-16T07:00:00Z,BAC01_2_2400_360_run01,4,13
Acari,2400,360,2025-03-16T13:00:00Z,BAC01_2_2400_360_run01,5,15
Acari,2400,360,2025-03-16T19:00:00Z,BAC01_2_2400_360_run01,6,16
Acari,2400,360,2025-03-17T01:00:00Z,BAC01_2_2400_360_run01,7,19
Acari,2400,360,2025-03-17T07:00:00Z,BAC01_2_2400_360_run01,8,21
Acari,2400,360,2025-03-17T13:00:00Z,BAC01_2_2400_360_run01,9,26
Acari,2400,360,2025-03-17T19:00:00Z,BAC01_2_2400_360_run01,10,32
Acari,2400,360,2025-03-18T01:00:00Z,BAC01_2_2400_360_run01,11,36
Acari,2400,360,2025-04-03T14:00:00Z,BAC01_3_2400_360_run01,1,4
Acari,2400,360,2025-04-03T20:00:00Z,BAC01_3_2400_360_run01,2,10
Acari,2400,360,2025-04-04T02:00:00Z,BAC01_3_2400_360_run01,3,13
Acari,2400,360,2025-04-04T08:00:00Z,BAC01_3_2400_360_run01,4,19
Acari,2400,360,2025-03-03T13:00:00Z,BAC02_1_2400_360_run01,1,2
Acari,2400,360,2025-03-03T19:00:00Z,BAC02_1_2400_360_run01,2,5
Acari,2400,360,2025-03-04T01:00:00Z,BAC02_1_2400_360_run01,3,7
Acari,2400,360,2025-03-04T07:00:00Z,BAC02_1_2400_360_run01,4,9
Acari,2400,360,2025-03-04T13:00:00Z,BAC02_1_2400_360_run01,5,12
Acari,2400,360,2025-03-04T19:00:00Z,BAC02_1_2400_360_run01,6,18
Acari,2400,360,2025-03-05T01:00:00Z,BAC02_1_2400_360_run01,7,21
Acari,2400,360,2025-03-05T07:00:00Z,BAC02_1_2400_360_run01,8,24
Acari,2400,360,2025-03-05T13:00:00Z,BAC02_1_2400_360_run01,9,28
Acari,2400,360,2025-03-05T19:00:00Z,BAC02_1_2400_360_run01,10,31
Acari,2400,360,2025-03-06T01:00:00Z,BAC02_1_2400_360_run01,11,33
Acari,2400,360,2025-03-18T02:00:00Z,BAC02_2_2400_360_run01,1,2
Acari,2400,360,2025-03-18T14:00:00Z,BAC02_2_2400_360_run02,1,1
Acari,2400,360,2025-03-18T20:00:00Z,BAC02_2_2400_360_run02,2,6
Acari,2400,360,2025-03-19T02:00:00Z,BAC02_2_2400_360_run02,3,10
Acari,2400,360,2025-03-19T08:00:00Z,BAC02_2_2400_360_run02,4,11
Acari,2400,360,2025-03-19T14:00:00Z,BAC02_2_2400_360_run02,5,13
Acari,2400,360,2025-03-20T02:00:00Z,BAC02_2_2400_360_run03,1,6
Acari,2400,360,2025-03-20T08:00:00Z,BAC02_2_2400_360_run03,2,8
Acari,2400,360,2025-04-01T08:00:00Z,BAC02_3_2400_360_run01,1,5
Acari,2400,360,2025-04-01T14:00:00Z,BAC02_3_2400_360_run01,2,7
Acari,2400,360,2025-04-01T20:00:00Z,BAC02_3_2400_360_run01,3,13
Acari,2400,360,2025-04-02T02:00:00Z,BAC02_3_2400_360_run01,4,17
Acari,2400,360,2025-04-02T08:00:00Z,BAC02_3_2400_360_run01,5,26
Acari,2400,360,2025-04-02T14:00:00Z,BAC02_3_2400_360_run01,6,32
Acari,2400,360,2025-04-02T20:00:00Z,BAC02_3_2400_360_run01,7,38
Acari,2400,360,2025-04-03T02:00:00Z,BAC02_3_2400_360_run01,8,48
Acari,2400,360,2025-04-03T08:00:00Z,BAC02_3_2400_360_run01,9,55
Acari,2400,360,2025-04-03T14:00:00Z,BAC02_3_2400_360_run01,10,60
Acari,2400,360,2025-04-03T20:00:00Z,BAC02_3_2400_360_run01,11,65
Acari,2400,360,2025-03-04T01:00:00Z,BAC03_1_2400_360_run01,1,2
Acari,2400,360,2025-03-04T07:00:00Z,BAC03_1_2400_360_run01,2,6
Acari,2400,360,2025-03-04T13:00:00Z,BAC03_1_2400_360_run01,3,9
Acari,2400,360,2025-03-04T19:00:00Z,BAC03_1_2400_360_run01,4,11
Acari,2400,360,2025-03-05T01:00:00Z,BAC03_1_2400_360_run01,5,12
Acari,2400,360,2025-03-05T07:00:00Z,BAC03_1_2400_360_run01,6,15
Acari,2400,360,2025-03-05T13:00:00Z,BAC03_1_2400_360_run01,7,16
Acari,2400,360,2025-03-05T19:00:00Z,BAC03_1_2400_360_run01,8,18
Acari,2400,360,2025-03-06T01:00:00Z,BAC03_1_2400_360_run01,9,19
Acari,2400,360,2025-03-06T07:00:00Z,BAC03_1_2400_360_run01,10,21
Acari,2400,360,2025-03-06T13:00:00Z,BAC03_1_2400_360_run01,11,23
Acari,2400,360,2025-03-21T09:00:00Z,BAC03_2_2400_360_run01,1,7
Acari,2400,360,2025-03-21T15:00:00Z,BAC03_2_2400_360_run01,2,11
Acari,2400,360,2025-03-21T21:00:00Z,BAC03_2_2400_360_run01,3,18
Acari,2400,360,2025-03-22T03:00:00Z,BAC03_2_2400_360_run01,4,20
Acari,2400,360,2025-03-22T09:00:00Z,BAC03_2_2400_360_run01,5,22
Acari,2400,360,2025-03-22T15:00:00Z,BAC03_2_2400_360_run01,6,23
Acari,2400,360,2025-03-22T21:00:00Z,BAC03_2_2400_360_run01,7,28
Acari,2400,360,2025-03-23T03:00:00Z,BAC03_2_2400_360_run01,8,33
Acari,2400,360,2025-03-23T09:00:00Z,BAC03_2_2400_360_run01,9,40
Acari,2400,360,2025-03-23T15:00:00Z,BAC03_2_2400_360_run01,10,47
Acari,2400,360,2025-03-23T21:00:00Z,BAC03_2_2400_360_run01,11,53
Acari,2400,360,2025-03-26T01:00:00Z,BAC03_3_2400_360_run01,1,10
Acari,2400,360,2025-03-26T07:00:00Z,BAC03_3_2400_360_run01,2,15
Acari,2400,360,2025-03-26T13:00:00Z,BAC03_3_2400_360_run01,3,21
Acari,2400,360,2025-03-26T19:00:00Z,BAC03_3_2400_360_run01,4,24
Acari,2400,360,2025-03-27T01:00:00Z,BAC03_3_2400_360_run01,5,29
Acari,2400,360,2025-03-27T07:00:00Z,BAC03_3_2400_360_run01,6,33
Acari,2400,360,2025-03-27T19:00:00Z,BAC03_3_2400_360_run02,1,1
Acari,2400,360,2025-03-28T01:00:00Z,BAC03_3_2400_360_run02,2,6
Acari,2400,360,2025-03-28T07:00:00Z,BAC03_3_2400_360_run02,3,10
Acari,2400,360,2025-03-28T13:00:00Z,BAC03_3_2400_360_run02,4,13
Collembola,600,15,2025-03-21T11:30:00Z,BAC01_2_600_15_run01,1,1
Collembola,600,15,2025-03-13T07:45:00Z,BAC03_1_600_15_run01,1,1
Collembola,600,15,2025-03-21T02:00:00Z,BAC03_2_600_15_run01,1,1
Collembola,600,15,2025-04-06T19:15:00Z,BAC03_4_600_15_run01,1,1
Collembola,600,60,2025-03-14T21:00:00Z,BAC01_2_600_60_run01,1,1
Collembola,600,60,2025-03-23T12:00:00Z,BAC02_2_600_60_run01,1,1
Collembola,600,60,2025-03-23T20:00:00Z,BAC02_2_600_60_run02,1,1
Collembola,600,60,2025-03-03T10:00:00Z,BAC03_1_600_60_run01,1,1
Collembola,600,360,2025-03-04T13:00:00Z,BAC01_1_600_360_run01,1,1
Collembola,600,360,2025-03-15T07:00:00Z,BAC02_2_600_360_run01,1,1
Collembola,600,360,2025-04-11T04:00:00Z,BAC03_4_600_360_run01,1,1
Collembola,600,360,2025-04-12T04:00:00Z,BAC03_4_600_360_run02,1,1
Collembola,1200,15,2025-03-09T22:45:00Z,BAC01_1_1200_15_run01,1,1
Collembola,1200,15,2025-03-21T12:15:00Z,BAC01_2_1200_15_run01,1,1
Collembola,1200,15,2025-03-21T12:30:00Z,BAC01_2_1200_15_run01,2,3
Collembola,1200,15,2025-03-21T13:00:00Z,BAC01_2_1200_15_run02,1,1
Collembola,1200,15,2025-03-21T13:15:00Z,BAC01_2_1200_15_run02,2,2
Collembola,1200,15,2025-03-21T13:30:00Z,BAC01_2_1200_15_run02,3,3
Collembola,1200,15,2025-03-21T13:45:00Z,BAC01_2_1200_15_run02,4,4
Collembola,1200,15,2025-03-21T14:30:00Z,BAC01_2_1200_15_run03,1,1
Collembola,1200,15,2025-04-12T23:15:00Z,BAC01_4_1200_15_run01,1,1
Collembola,1200,15,2025-03-23T07:15:00Z,BAC02_2_1200_15_run01,1,1
Collembola,1200,15,2025-03-23T07:45:00Z,BAC02_2_1200_15_run02,1,1
Collembola,1200,15,2025-03-23T08:00:00Z,BAC02_2_1200_15_run02,2,2
Collembola,1200,15,2025-03-23T08:15:00Z,BAC02_2_1200_15_run02,3,4
Collembola,1200,15,2025-03-23T08:30:00Z,BAC02_2_1200_15_run02,4,6
Collembola,1200,15,2025-03-23T08:45:00Z,BAC02_2_1200_15_run02,5,7
Collembola,1200,15,2025-03-23T09:00:00Z,BAC02_2_1200_15_run02,6,10
Collembola,1200,15,2025-03-23T09:30:00Z,BAC02_2_1200_15_run03,1,1
Collembola,1200,15,2025-03-23T09:45:00Z,BAC02_2_1200_15_run03,2,2
Collembola,1200,15,2025-04-16T07:30:00Z,BAC02_4_1200_15_run01,1,1
Collembola,1200,15,2025-04-16T07:45:00Z,BAC02_4_1200_15_run01,2,2
Collembola,1200,15,2025-04-16T08:00:00Z,BAC02_4_1200_15_run01,3,4
Collembola,1200,15,2025-04-16T06:15:00Z,BAC03_4_1200_15_run01,1,1
Collembola,1200,15,2025-04-16T06:30:00Z,BAC03_4_1200_15_run01,2,3
Collembola,1200,15,2025-04-16T07:45:00Z,BAC03_4_1200_15_run02,1,1
Collembola,1200,15,2025-04-16T08:00:00Z,BAC03_4_1200_15_run02,2,3
Collembola,1200,15,2025-04-16T08:15:00Z,BAC03_4_1200_15_run02,3,5
Collembola,1200,15,2025-04-16T08:30:00Z,BAC03_4_1200_15_run02,4,7
Collembola,1200,15,2025-04-16T08:45:00Z,BAC03_4_1200_15_run02,5,8
Collembola,1200,60,2025-03-06T08:00:00Z,BAC01_1_1200_60_run01,1,1
Collembola,1200,60,2025-03-18T08:00:00Z,BAC01_2_1200_60_run01,1,1
Collembola,1200,60,2025-03-18T09:00:00Z,BAC01_2_1200_60_run01,2,3
Collembola,1200,60,2025-03-18T10:00:00Z,BAC01_2_1200_60_run01,3,4
Collembola,1200,60,2025-03-18T11:00:00Z,BAC01_2_1200_60_run01,4,6
Collembola,1200,60,2025-03-18T13:00:00Z,BAC01_2_1200_60_run02,1,4
Collembola,1200,60,2025-04-09T14:00:00Z,BAC01_4_1200_60_run01,1,1
Collembola,1200,60,2025-04-09T16:00:00Z,BAC01_4_1200_60_run02,1,2
Collembola,1200,60,2025-04-09T21:00:00Z,BAC01_4_1200_60_run03,1,1
Collembola,1200,60,2025-03-24T00:00:00Z,BAC02_2_1200_60_run01,1,1
Collembola,1200,60,2025-03-24T01:00:00Z,BAC02_2_1200_60_run01,2,2
Collembola,1200,60,2025-03-24T02:00:00Z,BAC02_2_1200_60_run01,3,5
Collembola,1200,60,2025-03-24T03:00:00Z,BAC02_2_1200_60_run01,4,6
Collembola,1200,60,2025-03-24T07:00:00Z,BAC02_2_1200_60_run02,1,2
Collembola,1200,60,2025-04-06T10:00:00Z,BAC02_4_1200_60_run01,1,3
Collembola,1200,60,2025-04-06T11:00:00Z,BAC02_4_1200_60_run01,2,5
Collembola,1200,60,2025-04-06T13:00:00Z,BAC02_4_1200_60_run02,1,1
Collembola,1200,60,2025-04-06T14:00:00Z,BAC02_4_1200_60_run02,2,2
Collembola,1200,60,2025-04-06T15:00:00Z,BAC02_4_1200_60_run02,3,3
Collembola,1200,60,2025-04-06T16:00:00Z,BAC02_4_1200_60_run02,4,7
Collembola,1200,60,2025-04-06T17:00:00Z,BAC02_4_1200_60_run02,5,11
Collembola,1200,60,2025-04-06T19:00:00Z,BAC02_4_1200_60_run03,1,1
Collembola,1200,60,2025-03-14T11:00:00Z,BAC03_2_1200_60_run01,1,1
Collembola,1200,60,2025-03-14T12:00:00Z,BAC03_2_1200_60_run01,2,2
Collembola,1200,60,2025-03-14T15:00:00Z,BAC03_2_1200_60_run02,1,1
Collembola,1200,60,2025-03-14T18:00:00Z,BAC03_2_1200_60_run03,1,1
Collembola,1200,60,2025-04-06T07:00:00Z,BAC03_4_1200_60_run01,1,1
Collembola,1200,60,2025-04-06T08:00:00Z,BAC03_4_1200_60_run01,2,2
Collembola,1200,60,2025-04-06T11:00:00Z,BAC03_4_1200_60_run02,1,1
Collembola,1200,60,2025-04-06T12:00:00Z,BAC03_4_1200_60_run02,2,2
Collembola,1200,60,2025-04-06T15:00:00Z,BAC03_4_1200_60_run03,1,1
Collembola,1200,360,2025-03-10T21:00:00Z,BAC01_1_1200_360_run01,1,1
Collembola,1200,360,2025-03-11T03:00:00Z,BAC01_1_1200_360_run01,2,2
Collembola,1200,360,2025-03-11T15:00:00Z,BAC01_1_1200_360_run02,1,2
Collembola,1200,360,2025-03-11T21:00:00Z,BAC01_1_1200_360_run02,2,3
Collembola,1200,360,2025-03-12T09:00:00Z,BAC01_1_1200_360_run03,1,2
Collembola,1200,360,2025-03-13T03:00:00Z,BAC01_1_1200_360_run04,1,2
Collembola,1200,360,2025-03-19T08:00:00Z,BAC01_2_1200_360_run01,1,1
Collembola,1200,360,2025-03-20T14:00:00Z,BAC01_2_1200_360_run02,1,2
Collembola,1200,360,2025-03-21T02:00:00Z,BAC01_2_1200_360_run03,1,1
Collembola,1200,360,2025-04-07T00:00:00Z,BAC01_4_1200_360_run01,1,3
Collembola,1200,360,2025-04-07T06:00:00Z,BAC01_4_1200_360_run01,2,4
Collembola,1200,360,2025-04-08T00:00:00Z,BAC01_4_1200_360_run02,1,2
Collembola,1200,360,2025-04-08T12:00:00Z,BAC01_4_1200_360_run03,1,1
Collembola,1200,360,2025-04-08T18:00:00Z,BAC01_4_1200_360_run03,2,2
Collembola,1200,360,2025-03-11T03:00:00Z,BAC02_1_1200_360_run01,1,2
Collembola,1200,360,2025-03-11T09:00:00Z,BAC02_1_1200_360_run01,2,3
Collembola,1200,360,2025-03-11T15:00:00Z,BAC02_1_1200_360_run01,3,4
Collembola,1200,360,2025-03-12T09:00:00Z,BAC02_1_1200_360_run02,1,1
Collembola,1200,360,2025-03-12T21:00:00Z,BAC02_1_1200_360_run03,1,1
Collembola,1200,360,2025-03-13T09:00:00Z,BAC02_1_1200_360_run04,1,1
Collembola,1200,360,2025-03-20T15:00:00Z,BAC02_2_1200_360_run01,1,1
Collembola,1200,360,2025-03-20T21:00:00Z,BAC02_2_1200_360_run01,2,3
Collembola,1200,360,2025-03-21T09:00:00Z,BAC02_2_1200_360_run02,1,2
Collembola,1200,360,2025-03-21T21:00:00Z,BAC02_2_1200_360_run03,1,1
Collembola,1200,360,2025-03-22T03:00:00Z,BAC02_2_1200_360_run03,2,4
Collembola,1200,360,2025-03-22T15:00:00Z,BAC02_2_1200_360_run04,1,2
Collembola,1200,360,2025-04-11T04:00:00Z,BAC02_4_1200_360_run01,1,1
Collembola,1200,360,2025-04-11T10:00:00Z,BAC02_4_1200_360_run01,2,2
Collembola,1200,360,2025-04-12T04:00:00Z,BAC02_4_1200_360_run02,1,3
Collembola,1200,360,2025-04-12T10:00:00Z,BAC02_4_1200_360_run02,2,4
Collembola,1200,360,2025-03-10T06:00:00Z,BAC03_1_1200_360_run01,1,1
Collembola,1200,360,2025-03-18T11:00:00Z,BAC03_2_1200_360_run01,1,2
Collembola,1200,360,2025-03-18T17:00:00Z,BAC03_2_1200_360_run01,2,3
Collembola,1200,360,2025-03-19T05:00:00Z,BAC03_2_1200_360_run02,1,1
Collembola,1200,360,2025-03-20T11:00:00Z,BAC03_2_1200_360_run03,1,1
Collembola,1200,360,2025-03-20T17:00:00Z,BAC03_2_1200_360_run03,2,2
Collembola,1200,360,2025-04-07T03:00:00Z,BAC03_4_1200_360_run01,1,2
Collembola,1200,360,2025-04-07T15:00:00Z,BAC03_4_1200_360_run02,1,1
Collembola,1200,360,2025-04-07T21:00:00Z,BAC03_4_1200_360_run02,2,2
Collembola,1200,360,2025-04-08T03:00:00Z,BAC03_4_1200_360_run02,3,4
Collembola,1200,360,2025-04-08T21:00:00Z,BAC03_4_1200_360_run03,1,1
Collembola,1200,360,2025-04-09T15:00:00Z,BAC03_4_1200_360_run04,1,1
Collembola,2400,60,2025-03-10T05:00:00Z,BAC01_1_2400_60_run01,1,1
Collembola,2400,60,2025-03-10T07:00:00Z,BAC01_1_2400_60_run02,1,1
Collembola,2400,60,2025-03-10T10:00:00Z,BAC01_1_2400_60_run03,1,3
Collembola,2400,60,2025-03-10T11:00:00Z,BAC01_1_2400_60_run03,2,4
Collembola,2400,60,2025-03-10T13:00:00Z,BAC01_1_2400_60_run04,1,1
Collembola,2400,60,2025-03-10T14:00:00Z,BAC01_1_2400_60_run04,2,4
Collembola,2400,60,2025-03-14T08:00:00Z,BAC01_2_2400_60_run01,1,3
Collembola,2400,60,2025-03-14T09:00:00Z,BAC01_2_2400_60_run01,2,4
Collembola,2400,60,2025-03-14T10:00:00Z,BAC01_2_2400_60_run01,3,6
Collembola,2400,60,2025-03-14T11:00:00Z,BAC01_2_2400_60_run01,4,7
Collembola,2400,60,2025-03-14T12:00:00Z,BAC01_2_2400_60_run01,5,9
Collembola,2400,60,2025-03-14T13:00:00Z,BAC01_2_2400_60_run01,6,10
Collembola,2400,60,2025-03-14T14:00:00Z,BAC01_2_2400_60_run01,7,14
Collembola,2400,60,2025-03-14T15:00:00Z,BAC01_2_2400_60_run01,8,15
Collembola,2400,60,2025-03-14T16:00:00Z,BAC01_2_2400_60_run01,9,17
Collembola,2400,60,2025-03-14T17:00:00Z,BAC01_2_2400_60_run01,10,19
Collembola,2400,60,2025-04-16T06:00:00Z,BAC01_4_2400_60_run01,1,2
Collembola,2400,60,2025-04-16T08:00:00Z,BAC01_4_2400_60_run02,1,1
Collembola,2400,60,2025-03-06T06:00:00Z,BAC02_1_2400_60_run01,1,3
Collembola,2400,60,2025-03-06T07:00:00Z,BAC02_1_2400_60_run01,2,5
Collembola,2400,60,2025-03-06T08:00:00Z,BAC02_1_2400_60_run01,3,6
Collembola,2400,60,2025-03-06T09:00:00Z,BAC02_1_2400_60_run01,4,7
Collembola,2400,60,2025-03-06T10:00:00Z,BAC02_1_2400_60_run01,5,10
Collembola,2400,60,2025-03-06T12:00:00Z,BAC02_1_2400_60_run02,1,1
Collembola,2400,60,2025-03-06T13:00:00Z,BAC02_1_2400_60_run02,2,2
Collembola,2400,60,2025-03-06T15:00:00Z,BAC02_1_2400_60_run03,1,1
Collembola,2400,60,2025-03-06T16:00:00Z,BAC02_1_2400_60_run03,2,4
Collembola,2400,60,2025-03-17T03:00:00Z,BAC02_2_2400_60_run01,1,4
Collembola,2400,60,2025-03-17T04:00:00Z,BAC02_2_2400_60_run01,2,5
Collembola,2400,60,2025-03-17T05:00:00Z,BAC02_2_2400_60_run01,3,6
Collembola,2400,60,2025-03-17T06:00:00Z,BAC02_2_2400_60_run01,4,7
Collembola,2400,60,2025-03-17T07:00:00Z,BAC02_2_2400_60_run01,5,11
Collembola,2400,60,2025-03-17T08:00:00Z,BAC02_2_2400_60_run01,6,15
Collembola,2400,60,2025-03-17T09:00:00Z,BAC02_2_2400_60_run01,7,16
Collembola,2400,60,2025-03-17T10:00:00Z,BAC02_2_2400_60_run01,8,22
Collembola,2400,60,2025-03-17T11:00:00Z,BAC02_2_2400_60_run01,9,25
Collembola,2400,60,2025-03-17T13:00:00Z,BAC02_2_2400_60_run02,1,1
Collembola,2400,60,2025-04-06T23:00:00Z,BAC02_4_2400_60_run01,1,1
Collembola,2400,60,2025-04-07T00:00:00Z,BAC02_4_2400_60_run01,2,2
Collembola,2400,60,2025-04-07T01:00:00Z,BAC02_4_2400_60_run01,3,5
Collembola,2400,60,2025-04-07T02:00:00Z,BAC02_4_2400_60_run01,4,8
Collembola,2400,60,2025-04-07T03:00:00Z,BAC02_4_2400_60_run01,5,9
Collembola,2400,60,2025-04-07T04:00:00Z,BAC02_4_2400_60_run01,6,13
Collembola,2400,60,2025-04-07T05:00:00Z,BAC02_4_2400_60_run01,7,16
Collembola,2400,60,2025-04-07T06:00:00Z,BAC02_4_2400_60_run01,8,19
Collembola,2400,60,2025-04-07T07:00:00Z,BAC02_4_2400_60_run01,9,22
Collembola,2400,60,2025-04-07T08:00:00Z,BAC02_4_2400_60_run01,10,25
Collembola,2400,60,2025-03-09T14:00:00Z,BAC03_1_2400_60_run01,1,1
Collembola,2400,60,2025-03-09T15:00:00Z,BAC03_1_2400_60_run01,2,3
Collembola,2400,60,2025-03-09T16:00:00Z,BAC03_1_2400_60_run01,3,4
Collembola,2400,60,2025-03-09T17:00:00Z,BAC03_1_2400_60_run01,4,5
Collembola,2400,60,2025-03-09T18:00:00Z,BAC03_1_2400_60_run01,5,7
Collembola,2400,60,2025-03-09T19:00:00Z,BAC03_1_2400_60_run01,6,8
Collembola,2400,60,2025-03-09T20:00:00Z,BAC03_1_2400_60_run01,7,9
Collembola,2400,60,2025-03-09T21:00:00Z,BAC03_1_2400_60_run01,8,10
Collembola,2400,60,2025-03-09T22:00:00Z,BAC03_1_2400_60_run01,9,12
Collembola,2400,60,2025-03-24T00:00:00Z,BAC03_2_2400_60_run01,1,1
Collembola,2400,60,2025-03-24T01:00:00Z,BAC03_2_2400_60_run01,2,4
Collembola,2400,60,2025-03-24T02:00:00Z,BAC03_2_2400_60_run01,3,6
Collembola,2400,60,2025-03-24T03:00:00Z,BAC03_2_2400_60_run01,4,12
Collembola,2400,60,2025-03-24T04:00:00Z,BAC03_2_2400_60_run01,5,14
Collembola,2400,60,2025-03-24T05:00:00Z,BAC03_2_2400_60_run01,6,15
Collembola,2400,60,2025-03-24T06:00:00Z,BAC03_2_2400_60_run01,7,18
Collembola,2400,60,2025-03-24T07:00:00Z,BAC03_2_2400_60_run01,8,20
Collembola,2400,60,2025-03-24T08:00:00Z,BAC03_2_2400_60_run01,9,24
Collembola,2400,60,2025-03-24T09:00:00Z,BAC03_2_2400_60_run01,10,25
Collembola,2400,60,2025-04-10T05:00:00Z,BAC03_4_2400_60_run01,1,2
Collembola,2400,60,2025-04-10T06:00:00Z,BAC03_4_2400_60_run01,2,4
Collembola,2400,60,2025-04-10T07:00:00Z,BAC03_4_2400_60_run01,3,8
Collembola,2400,60,2025-04-10T08:00:00Z,BAC03_4_2400_60_run01,4,13
Collembola,2400,60,2025-04-10T09:00:00Z,BAC03_4_2400_60_run01,5,17
Collembola,2400,60,2025-04-10T10:00:00Z,BAC03_4_2400_60_run01,6,22
Collembola,2400,60,2025-04-10T11:00:00Z,BAC03_4_2400_60_run01,7,25
Collembola,2400,60,2025-04-10T12:00:00Z,BAC03_4_2400_60_run01,8,28
Collembola,2400,60,2025-04-10T13:00:00Z,BAC03_4_2400_60_run01,9,30
Collembola,2400,60,2025-04-10T14:00:00Z,BAC03_4_2400_60_run01,10,32
Collembola,2400,360,2025-03-07T14:00:00Z,BAC01_1_2400_360_run01,1,1
Collembola,2400,360,2025-03-07T20:00:00Z,BAC01_1_2400_360_run01,2,2
Collembola,2400,360,2025-03-08T02:00:00Z,BAC01_1_2400_360_run01,3,6
Collembola,2400,360,2025-03-08T14:00:00Z,BAC01_1_2400_360_run02,1,1
Collembola,2400,360,2025-03-08T20:00:00Z,BAC01_1_2400_360_run02,2,2
Collembola,2400,360,2025-03-09T02:00:00Z,BAC01_1_2400_360_run02,3,3
Collembola,2400,360,2025-03-09T14:00:00Z,BAC01_1_2400_360_run03,1,2
Collembola,2400,360,2025-03-09T20:00:00Z,BAC01_1_2400_360_run03,2,4
Collembola,2400,360,2025-03-15T13:00:00Z,BAC01_2_2400_360_run01,1,2
Collembola,2400,360,2025-03-15T19:00:00Z,BAC01_2_2400_360_run01,2,4
Collembola,2400,360,2025-03-16T01:00:00Z,BAC01_2_2400_360_run01,3,5
Collembola,2400,360,2025-03-16T07:00:00Z,BAC01_2_2400_360_run01,4,7
Collembola,2400,360,2025-03-16T13:00:00Z,BAC01_2_2400_360_run01,5,8
Collembola,2400,360,2025-03-16T19:00:00Z,BAC01_2_2400_360_run01,6,11
Collembola,2400,360,2025-03-17T01:00:00Z,BAC01_2_2400_360_run01,7,16
Collembola,2400,360,2025-03-17T07:00:00Z,BAC01_2_2400_360_run01,8,19
Collembola,2400,360,2025-03-17T13:00:00Z,BAC01_2_2400_360_run01,9,22
Collembola,2400,360,2025-03-17T19:00:00Z,BAC01_2_2400_360_run01,10,25
Collembola,2400,360,2025-03-18T01:00:00Z,BAC01_2_2400_360_run01,11,27
Collembola,2400,360,2025-04-03T14:00:00Z,BAC01_3_2400_360_run01,1,2
Collembola,2400,360,2025-04-03T20:00:00Z,BAC01_3_2400_360_run01,2,3
Collembola,2400,360,2025-04-04T02:00:00Z,BAC01_3_2400_360_run01,3,5
Collembola,2400,360,2025-04-04T08:00:00Z,BAC01_3_2400_360_run01,4,8
Collembola,2400,360,2025-03-03T13:00:00Z,BAC02_1_2400_360_run01,1,3
Collembola,2400,360,2025-03-03T19:00:00Z,BAC02_1_2400_360_run01,2,6
Collembola,2400,360,2025-03-04T01:00:00Z,BAC02_1_2400_360_run01,3,7
Collembola,2400,360,2025-03-04T07:00:00Z,BAC02_1_2400_360_run01,4,8
Collembola,2400,360,2025-03-04T13:00:00Z,BAC02_1_2400_360_run01,5,10
Collembola,2400,360,2025-03-04T19:00:00Z,BAC02_1_2400_360_run01,6,15
Collembola,2400,360,2025-03-05T01:00:00Z,BAC02_1_2400_360_run01,7,17
Collembola,2400,360,2025-03-05T07:00:00Z,BAC02_1_2400_360_run01,8,25
Collembola,2400,360,2025-03-05T13:00:00Z,BAC02_1_2400_360_run01,9,27
Collembola,2400,360,2025-03-05T19:00:00Z,BAC02_1_2400_360_run01,10,28
Collembola,2400,360,2025-03-06T01:00:00Z,BAC02_1_2400_360_run01,11,29
Collembola,2400,360,2025-03-18T02:00:00Z,BAC02_2_2400_360_run01,1,4
Collembola,2400,360,2025-03-18T08:00:00Z,BAC02_2_2400_360_run01,2,5
Collembola,2400,360,2025-03-18T14:00:00Z,BAC02_2_2400_360_run01,3,6
Collembola,2400,360,2025-03-18T20:00:00Z,BAC02_2_2400_360_run01,4,10
Collembola,2400,360,2025-03-19T02:00:00Z,BAC02_2_2400_360_run01,5,16
Collembola,2400,360,2025-03-19T14:00:00Z,BAC02_2_2400_360_run02,1,3
Collembola,2400,360,2025-03-20T02:00:00Z,BAC02_2_2400_360_run03,1,3
Collembola,2400,360,2025-03-20T08:00:00Z,BAC02_2_2400_360_run03,2,4
Collembola,2400,360,2025-04-01T08:00:00Z,BAC02_3_2400_360_run01,1,6
Collembola,2400,360,2025-04-01T14:00:00Z,BAC02_3_2400_360_run01,2,8
Collembola,2400,360,2025-04-01T20:00:00Z,BAC02_3_2400_360_run01,3,12
Collembola,2400,360,2025-04-02T02:00:00Z,BAC02_3_2400_360_run01,4,15
Collembola,2400,360,2025-04-02T08:00:00Z,BAC02_3_2400_360_run01,5,25
Collembola,2400,360,2025-04-02T14:00:00Z,BAC02_3_2400_360_run01,6,30
Collembola,2400,360,2025-04-02T20:00:00Z,BAC02_3_2400_360_run01,7,33
Collembola,2400,360,2025-04-03T02:00:00Z,BAC02_3_2400_360_run01,8,37
Collembola,2400,360,2025-04-03T08:00:00Z,BAC02_3_2400_360_run01,9,39
Collembola,2400,360,2025-04-03T14:00:00Z,BAC02_3_2400_360_run01,10,42
Collembola,2400,360,2025-03-04T01:00:00Z,BAC03_1_2400_360_run01,1,1
Collembola,2400,360,2025-03-05T01:00:00Z,BAC03_1_2400_360_run02,1,1
Collembola,2400,360,2025-03-05T07:00:00Z,BAC03_1_2400_360_run02,2,2
Collembola,2400,360,2025-03-05T19:00:00Z,BAC03_1_2400_360_run03,1,1
Collembola,2400,360,2025-03-06T13:00:00Z,BAC03_1_2400_360_run04,1,3
Collembola,2400,360,2025-03-21T09:00:00Z,BAC03_2_2400_360_run01,1,4
Collembola,2400,360,2025-03-21T15:00:00Z,BAC03_2_2400_360_run01,2,6
Collembola,2400,360,2025-03-21T21:00:00Z,BAC03_2_2400_360_run01,3,7
Collembola,2400,360,2025-03-22T03:00:00Z,BAC03_2_2400_360_run01,4,16
Collembola,2400,360,2025-03-22T09:00:00Z,BAC03_2_2400_360_run01,5,18
Collembola,2400,360,2025-03-22T15:00:00Z,BAC03_2_2400_360_run01,6,22
Collembola,2400,360,2025-03-22T21:00:00Z,BAC03_2_2400_360_run01,7,27
Collembola,2400,360,2025-03-23T03:00:00Z,BAC03_2_2400_360_run01,8,29
Collembola,2400,360,2025-03-23T09:00:00Z,BAC03_2_2400_360_run01,9,33
Collembola,2400,360,2025-03-23T15:00:00Z,BAC03_2_2400_360_run01,10,37
Collembola,2400,360,2025-03-23T21:00:00Z,BAC03_2_2400_360_run01,11,41
Collembola,2400,360,2025-03-26T01:00:00Z,BAC03_3_2400_360_run01,1,2
Collembola,2400,360,2025-03-26T07:00:00Z,BAC03_3_2400_360_run01,2,7
Collembola,2400,360,2025-03-26T13:00:00Z,BAC03_3_2400_360_run01,3,9
Collembola,2400,360,2025-03-26T19:00:00Z,BAC03_3_2400_360_run01,4,12
Collembola,2400,360,2025-03-27T01:00:00Z,BAC03_3_2400_360_run01,5,17
Collembola,2400,360,2025-03-27T07:00:00Z,BAC03_3_2400_360_run01,6,27
Collembola,2400,360,2025-03-27T13:00:00Z,BAC03_3_2400_360_run01,7,29
Collembola,2400,360,2025-03-27T19:00:00Z,BAC03_3_2400_360_run01,8,30
Collembola,2400,360,2025-03-28T01:00:00Z,BAC03_3_2400_360_run01,9,34
Collembola,2400,360,2025-03-28T07:00:00Z,BAC03_3_2400_360_run01,10,37
Collembola,2400,360,2025-03-28T13:00:00Z,BAC03_3_2400_360_run01,11,40
Enchytraeidae,600,15,2025-03-10T00:15:00Z,BAC01_1_600_15_run01,1,2
Enchytraeidae,600,15,2025-03-10T00:30:00Z,BAC01_1_600_15_run01,2,4
Enchytraeidae,600,15,2025-03-10T01:00:00Z,BAC01_1_600_15_run02,1,2
Enchytraeidae,600,15,2025-03-10T01:15:00Z,BAC01_1_600_15_run02,2,3
Enchytraeidae,600,15,2025-03-10T01:30:00Z,BAC01_1_600_15_run02,3,5
Enchytraeidae,600,15,2025-03-10T02:00:00Z,BAC01_1_600_15_run03,1,2
Enchytraeidae,600,15,2025-03-10T02:15:00Z,BAC01_1_600_15_run03,2,4
Enchytraeidae,600,15,2025-03-10T02:30:00Z,BAC01_1_600_15_run03,3,6
Enchytraeidae,600,15,2025-03-10T02:45:00Z,BAC01_1_600_15_run03,4,9
Enchytraeidae,600,15,2025-03-21T09:15:00Z,BAC01_2_600_15_run01,1,6
Enchytraeidae,600,15,2025-03-21T09:30:00Z,BAC01_2_600_15_run01,2,14
Enchytraeidae,600,15,2025-03-21T09:45:00Z,BAC01_2_600_15_run01,3,21
Enchytraeidae,600,15,2025-03-21T10:00:00Z,BAC01_2_600_15_run01,4,28
Enchytraeidae,600,15,2025-03-21T10:15:00Z,BAC01_2_600_15_run01,5,34
Enchytraeidae,600,15,2025-03-21T10:30:00Z,BAC01_2_600_15_run01,6,40
Enchytraeidae,600,15,2025-03-21T10:45:00Z,BAC01_2_600_15_run01,7,48
Enchytraeidae,600,15,2025-03-21T11:00:00Z,BAC01_2_600_15_run01,8,54
Enchytraeidae,600,15,2025-03-21T11:15:00Z,BAC01_2_600_15_run01,9,59
Enchytraeidae,600,15,2025-03-21T11:30:00Z,BAC01_2_600_15_run01,10,62
Enchytraeidae,600,15,2025-03-21T11:45:00Z,BAC01_2_600_15_run01,11,63
Enchytraeidae,600,15,2025-04-10T01:15:00Z,BAC01_4_600_15_run01,1,19
Enchytraeidae,600,15,2025-04-10T01:30:00Z,BAC01_4_600_15_run01,2,43
Enchytraeidae,600,15,2025-04-10T01:45:00Z,BAC01_4_600_15_run01,3,64
Enchytraeidae,600,15,2025-04-10T02:00:00Z,BAC01_4_600_15_run01,4,80
Enchytraeidae,600,15,2025-04-10T02:15:00Z,BAC01_4_600_15_run01,5,101
Enchytraeidae,600,15,2025-04-10T02:30:00Z,BAC01_4_600_15_run01,6,119
Enchytraeidae,600,15,2025-04-10T02:45:00Z,BAC01_4_600_15_run01,7,136
Enchytraeidae,600,15,2025-04-10T03:00:00Z,BAC01_4_600_15_run01,8,145
Enchytraeidae,600,15,2025-04-10T03:15:00Z,BAC01_4_600_15_run01,9,166
Enchytraeidae,600,15,2025-04-10T03:30:00Z,BAC01_4_600_15_run01,10,185
Enchytraeidae,600,15,2025-04-10T03:45:00Z,BAC01_4_600_15_run01,11,209
Enchytraeidae,600,15,2025-03-06T02:15:00Z,BAC02_1_600_15_run01,1,1
Enchytraeidae,600,15,2025-03-06T02:30:00Z,BAC02_1_600_15_run01,2,5
Enchytraeidae,600,15,2025-03-06T02:45:00Z,BAC02_1_600_15_run01,3,9
Enchytraeidae,600,15,2025-03-06T03:00:00Z,BAC02_1_600_15_run01,4,16
Enchytraeidae,600,15,2025-03-06T03:15:00Z,BAC02_1_600_15_run01,5,20
Enchytraeidae,600,15,2025-03-06T03:30:00Z,BAC02_1_600_15_run01,6,23
Enchytraeidae,600,15,2025-03-06T03:45:00Z,BAC02_1_600_15_run01,7,27
Enchytraeidae,600,15,2025-03-06T04:00:00Z,BAC02_1_600_15_run01,8,30
Enchytraeidae,600,15,2025-03-06T04:15:00Z,BAC02_1_600_15_run01,9,33
Enchytraeidae,600,15,2025-03-06T04:30:00Z,BAC02_1_600_15_run01,10,35
Enchytraeidae,600,15,2025-03-06T04:45:00Z,BAC02_1_600_15_run01,11,38
Enchytraeidae,600,15,2025-03-23T04:15:00Z,BAC02_2_600_15_run01,1,8
Enchytraeidae,600,15,2025-03-23T04:30:00Z,BAC02_2_600_15_run01,2,14
Enchytraeidae,600,15,2025-03-23T04:45:00Z,BAC02_2_600_15_run01,3,21
Enchytraeidae,600,15,2025-03-23T05:00:00Z,BAC02_2_600_15_run01,4,30
Enchytraeidae,600,15,2025-03-23T05:15:00Z,BAC02_2_600_15_run01,5,36
Enchytraeidae,600,15,2025-03-23T05:30:00Z,BAC02_2_600_15_run01,6,42
Enchytraeidae,600,15,2025-03-23T05:45:00Z,BAC02_2_600_15_run01,7,50
Enchytraeidae,600,15,2025-03-23T06:00:00Z,BAC02_2_600_15_run01,8,57
Enchytraeidae,600,15,2025-03-23T06:15:00Z,BAC02_2_600_15_run01,9,67
Enchytraeidae,600,15,2025-03-23T06:30:00Z,BAC02_2_600_15_run01,10,81
Enchytraeidae,600,15,2025-03-23T06:45:00Z,BAC02_2_600_15_run01,11,92
Enchytraeidae,600,15,2025-03-13T07:15:00Z,BAC03_1_600_15_run01,1,6
Enchytraeidae,600,15,2025-03-13T07:30:00Z,BAC03_1_600_15_run01,2,7
Enchytraeidae,600,15,2025-03-13T07:45:00Z,BAC03_1_600_15_run01,3,10
Enchytraeidae,600,15,2025-03-13T08:00:00Z,BAC03_1_600_15_run01,4,12
Enchytraeidae,600,15,2025-03-13T08:15:00Z,BAC03_1_600_15_run01,5,15
Enchytraeidae,600,15,2025-03-13T08:30:00Z,BAC03_1_600_15_run01,6,19
Enchytraeidae,600,15,2025-03-13T08:45:00Z,BAC03_1_600_15_run01,7,22
Enchytraeidae,600,15,2025-03-13T09:00:00Z,BAC03_1_600_15_run01,8,23
Enchytraeidae,600,15,2025-03-13T09:15:00Z,BAC03_1_600_15_run01,9,26
Enchytraeidae,600,15,2025-03-13T09:30:00Z,BAC03_1_600_15_run01,10,28
Enchytraeidae,600,15,2025-03-13T09:45:00Z,BAC03_1_600_15_run01,11,31
Enchytraeidae,600,15,2025-03-21T00:15:00Z,BAC03_2_600_15_run01,1,7
Enchytraeidae,600,15,2025-03-21T00:30:00Z,BAC03_2_600_15_run01,2,11
Enchytraeidae,600,15,2025-03-21T00:45:00Z,BAC03_2_600_15_run01,3,14
Enchytraeidae,600,15,2025-03-21T01:00:00Z,BAC03_2_600_15_run01,4,20
Enchytraeidae,600,15,2025-03-21T01:15:00Z,BAC03_2_600_15_run01,5,26
Enchytraeidae,600,15,2025-03-21T01:30:00Z,BAC03_2_600_15_run01,6,31
Enchytraeidae,600,15,2025-03-21T01:45:00Z,BAC03_2_600_15_run01,7,38
Enchytraeidae,600,15,2025-03-21T02:00:00Z,BAC03_2_600_15_run01,8,44
Enchytraeidae,600,15,2025-03-21T02:15:00Z,BAC03_2_600_15_run01,9,49
Enchytraeidae,600,15,2025-03-21T02:30:00Z,BAC03_2_600_15_run01,10,55
Enchytraeidae,600,15,2025-03-21T02:45:00Z,BAC03_2_600_15_run01,11,60
Enchytraeidae,600,15,2025-04-06T18:15:00Z,BAC03_4_600_15_run01,1,3
Enchytraeidae,600,15,2025-04-06T18:30:00Z,BAC03_4_600_15_run01,2,7
Enchytraeidae,600,15,2025-04-06T18:45:00Z,BAC03_4_600_15_run01,3,12
Enchytraeidae,600,15,2025-04-06T19:00:00Z,BAC03_4_600_15_run01,4,18
Enchytraeidae,600,15,2025-04-06T19:15:00Z,BAC03_4_600_15_run01,5,20
Enchytraeidae,600,15,2025-04-06T19:30:00Z,BAC03_4_600_15_run01,6,26
Enchytraeidae,600,15,2025-04-06T19:45:00Z,BAC03_4_600_15_run01,7,30
Enchytraeidae,600,15,2025-04-06T20:00:00Z,BAC03_4_600_15_run01,8,34
Enchytraeidae,600,15,2025-04-06T20:15:00Z,BAC03_4_600_15_run01,9,37
Enchytraeidae,600,15,2025-04-06T20:30:00Z,BAC03_4_600_15_run01,10,39
Enchytraeidae,600,15,2025-04-06T20:45:00Z,BAC03_4_600_15_run01,11,42
Enchytraeidae,600,60,2025-03-06T15:00:00Z,BAC01_1_600_60_run01,1,5
Enchytraeidae,600,60,2025-03-06T16:00:00Z,BAC01_1_600_60_run01,2,7
Enchytraeidae,600,60,2025-03-06T17:00:00Z,BAC01_1_600_60_run01,3,11
Enchytraeidae,600,60,2025-03-06T18:00:00Z,BAC01_1_600_60_run01,4,15
Enchytraeidae,600,60,2025-03-06T19:00:00Z,BAC01_1_600_60_run01,5,19
Enchytraeidae,600,60,2025-03-06T20:00:00Z,BAC01_1_600_60_run01,6,22
Enchytraeidae,600,60,2025-03-06T21:00:00Z,BAC01_1_600_60_run01,7,25
Enchytraeidae,600,60,2025-03-06T22:00:00Z,BAC01_1_600_60_run01,8,28
Enchytraeidae,600,60,2025-03-07T00:00:00Z,BAC01_1_600_60_run02,1,2
Enchytraeidae,600,60,2025-03-07T01:00:00Z,BAC01_1_600_60_run02,2,6
Enchytraeidae,600,60,2025-03-14T20:00:00Z,BAC01_2_600_60_run01,1,4
Enchytraeidae,600,60,2025-03-14T21:00:00Z,BAC01_2_600_60_run01,2,9
Enchytraeidae,600,60,2025-03-14T22:00:00Z,BAC01_2_600_60_run01,3,13
Enchytraeidae,600,60,2025-03-15T01:00:00Z,BAC01_2_600_60_run02,1,8
Enchytraeidae,600,60,2025-03-15T02:00:00Z,BAC01_2_600_60_run02,2,12
Enchytraeidae,600,60,2025-03-15T03:00:00Z,BAC01_2_600_60_run02,3,14
Enchytraeidae,600,60,2025-03-15T04:00:00Z,BAC01_2_600_60_run02,4,21
Enchytraeidae,600,60,2025-03-15T05:00:00Z,BAC01_2_600_60_run02,5,27
Enchytraeidae,600,60,2025-03-15T06:00:00Z,BAC01_2_600_60_run02,6,34
Enchytraeidae,600,60,2025-04-06T07:00:00Z,BAC01_4_600_60_run01,1,18
Enchytraeidae,600,60,2025-04-06T08:00:00Z,BAC01_4_600_60_run01,2,70
Enchytraeidae,600,60,2025-04-06T09:00:00Z,BAC01_4_600_60_run01,3,110
Enchytraeidae,600,60,2025-04-06T10:00:00Z,BAC01_4_600_60_run01,4,157
Enchytraeidae,600,60,2025-04-06T11:00:00Z,BAC01_4_600_60_run01,5,204
Enchytraeidae,600,60,2025-04-06T12:00:00Z,BAC01_4_600_60_run01,6,252
Enchytraeidae,600,60,2025-04-06T13:00:00Z,BAC01_4_600_60_run01,7,287
Enchytraeidae,600,60,2025-04-06T14:00:00Z,BAC01_4_600_60_run01,8,332
Enchytraeidae,600,60,2025-04-06T15:00:00Z,BAC01_4_600_60_run01,9,378
Enchytraeidae,600,60,2025-04-06T16:00:00Z,BAC01_4_600_60_run01,10,414
Enchytraeidae,600,60,2025-04-06T17:00:00Z,BAC01_4_600_60_run01,11,452
Enchytraeidae,600,60,2025-03-23T11:00:00Z,BAC02_2_600_60_run01,1,8
Enchytraeidae,600,60,2025-03-23T12:00:00Z,BAC02_2_600_60_run01,2,14
Enchytraeidae,600,60,2025-03-23T13:00:00Z,BAC02_2_600_60_run01,3,17
Enchytraeidae,600,60,2025-03-23T14:00:00Z,BAC02_2_600_60_run01,4,23
Enchytraeidae,600,60,2025-03-23T15:00:00Z,BAC02_2_600_60_run01,5,30
Enchytraeidae,600,60,2025-03-23T16:00:00Z,BAC02_2_600_60_run01,6,33
Enchytraeidae,600,60,2025-03-23T17:00:00Z,BAC02_2_600_60_run01,7,39
Enchytraeidae,600,60,2025-03-23T18:00:00Z,BAC02_2_600_60_run01,8,44
Enchytraeidae,600,60,2025-03-23T19:00:00Z,BAC02_2_600_60_run01,9,48
Enchytraeidae,600,60,2025-03-23T20:00:00Z,BAC02_2_600_60_run01,10,52
Enchytraeidae,600,60,2025-03-23T21:00:00Z,BAC02_2_600_60_run01,11,59
Enchytraeidae,600,60,2025-04-13T00:00:00Z,BAC02_4_600_60_run01,1,7
Enchytraeidae,600,60,2025-04-13T01:00:00Z,BAC02_4_600_60_run01,2,17
Enchytraeidae,600,60,2025-04-13T02:00:00Z,BAC02_4_600_60_run01,3,30
Enchytraeidae,600,60,2025-04-13T03:00:00Z,BAC02_4_600_60_run01,4,41
Enchytraeidae,600,60,2025-04-13T04:00:00Z,BAC02_4_600_60_run01,5,56
Enchytraeidae,600,60,2025-04-13T05:00:00Z,BAC02_4_600_60_run01,6,81
Enchytraeidae,600,60,2025-04-13T06:00:00Z,BAC02_4_600_60_run01,7,108
Enchytraeidae,600,60,2025-04-13T07:00:00Z,BAC02_4_600_60_run01,8,131
Enchytraeidae,600,60,2025-04-13T08:00:00Z,BAC02_4_600_60_run01,9,164
Enchytraeidae,600,60,2025-04-13T09:00:00Z,BAC02_4_600_60_run01,10,195
Enchytraeidae,600,60,2025-04-13T10:00:00Z,BAC02_4_600_60_run01,11,220
Enchytraeidae,600,60,2025-03-03T09:00:00Z,BAC03_1_600_60_run01,1,2
Enchytraeidae,600,60,2025-03-03T10:00:00Z,BAC03_1_600_60_run01,2,8
Enchytraeidae,600,60,2025-03-03T11:00:00Z,BAC03_1_600_60_run01,3,9
Enchytraeidae,600,60,2025-03-03T12:00:00Z,BAC03_1_600_60_run01,4,10
Enchytraeidae,600,60,2025-03-03T13:00:00Z,BAC03_1_600_60_run01,5,13
Enchytraeidae,600,60,2025-03-03T14:00:00Z,BAC03_1_600_60_run01,6,20
Enchytraeidae,600,60,2025-03-03T15:00:00Z,BAC03_1_600_60_run01,7,23
Enchytraeidae,600,60,2025-03-03T16:00:00Z,BAC03_1_600_60_run01,8,29
Enchytraeidae,600,60,2025-03-03T17:00:00Z,BAC03_1_600_60_run01,9,33
Enchytraeidae,600,60,2025-03-03T18:00:00Z,BAC03_1_600_60_run01,10,41
Enchytraeidae,600,60,2025-03-12T20:00:00Z,BAC03_1_600_60_run02,1,5
Enchytraeidae,600,60,2025-03-12T21:00:00Z,BAC03_1_600_60_run02,2,6
Enchytraeidae,600,60,2025-03-12T22:00:00Z,BAC03_1_600_60_run02,3,11
Enchytraeidae,600,60,2025-03-13T00:00:00Z,BAC03_1_600_60_run03,1,6
Enchytraeidae,600,60,2025-03-13T01:00:00Z,BAC03_1_600_60_run03,2,15
Enchytraeidae,600,60,2025-03-13T02:00:00Z,BAC03_1_600_60_run03,3,21
Enchytraeidae,600,60,2025-03-13T03:00:00Z,BAC03_1_600_60_run03,4,25
Enchytraeidae,600,60,2025-03-13T04:00:00Z,BAC03_1_600_60_run03,5,31
Enchytraeidae,600,60,2025-03-13T05:00:00Z,BAC03_1_600_60_run03,6,40
Enchytraeidae,600,60,2025-03-13T06:00:00Z,BAC03_1_600_60_run03,7,46
Enchytraeidae,600,60,2025-03-17T18:00:00Z,BAC03_2_600_60_run01,1,6
Enchytraeidae,600,60,2025-03-17T19:00:00Z,BAC03_2_600_60_run01,2,11
Enchytraeidae,600,60,2025-03-17T20:00:00Z,BAC03_2_600_60_run01,3,16
Enchytraeidae,600,60,2025-03-17T21:00:00Z,BAC03_2_600_60_run01,4,22
Enchytraeidae,600,60,2025-03-17T22:00:00Z,BAC03_2_600_60_run01,5,28
Enchytraeidae,600,60,2025-03-18T00:00:00Z,BAC03_2_600_60_run02,1,3
Enchytraeidae,600,60,2025-03-18T01:00:00Z,BAC03_2_600_60_run02,2,6
Enchytraeidae,600,60,2025-03-18T02:00:00Z,BAC03_2_600_60_run02,3,10
Enchytraeidae,600,60,2025-03-18T03:00:00Z,BAC03_2_600_60_run02,4,14
Enchytraeidae,600,60,2025-03-18T04:00:00Z,BAC03_2_600_60_run02,5,21
Enchytraeidae,600,60,2025-04-09T17:00:00Z,BAC03_4_600_60_run01,1,10
Enchytraeidae,600,60,2025-04-09T18:00:00Z,BAC03_4_600_60_run01,2,15
Enchytraeidae,600,60,2025-04-09T19:00:00Z,BAC03_4_600_60_run01,3,25
Enchytraeidae,600,60,2025-04-09T20:00:00Z,BAC03_4_600_60_run01,4,34
Enchytraeidae,600,60,2025-04-09T21:00:00Z,BAC03_4_600_60_run01,5,44
Enchytraeidae,600,60,2025-04-09T23:00:00Z,BAC03_4_600_60_run02,1,15
Enchytraeidae,600,60,2025-04-10T00:00:00Z,BAC03_4_600_60_run02,2,26
Enchytraeidae,600,60,2025-04-10T01:00:00Z,BAC03_4_600_60_run02,3,42
Enchytraeidae,600,60,2025-04-10T02:00:00Z,BAC03_4_600_60_run02,4,46
Enchytraeidae,600,60,2025-04-10T03:00:00Z,BAC03_4_600_60_run02,5,57
Enchytraeidae,600,360,2025-03-03T13:00:00Z,BAC01_1_600_360_run01,1,7
Enchytraeidae,600,360,2025-03-03T19:00:00Z,BAC01_1_600_360_run01,2,11
Enchytraeidae,600,360,2025-03-04T01:00:00Z,BAC01_1_600_360_run01,3,13
Enchytraeidae,600,360,2025-03-04T07:00:00Z,BAC01_1_600_360_run01,4,18
Enchytraeidae,600,360,2025-03-04T13:00:00Z,BAC01_1_600_360_run01,5,23
Enchytraeidae,600,360,2025-03-04T19:00:00Z,BAC01_1_600_360_run01,6,26
Enchytraeidae,600,360,2025-03-05T01:00:00Z,BAC01_1_600_360_run01,7,30
Enchytraeidae,600,360,2025-03-05T07:00:00Z,BAC01_1_600_360_run01,8,36
Enchytraeidae,600,360,2025-03-05T13:00:00Z,BAC01_1_600_360_run01,9,45
Enchytraeidae,600,360,2025-03-05T19:00:00Z,BAC01_1_600_360_run01,10,46
Enchytraeidae,600,360,2025-03-06T01:00:00Z,BAC01_1_600_360_run01,11,48
Enchytraeidae,600,360,2025-03-21T21:00:00Z,BAC01_2_600_360_run01,1,6
Enchytraeidae,600,360,2025-03-22T03:00:00Z,BAC01_2_600_360_run01,2,9
Enchytraeidae,600,360,2025-03-22T09:00:00Z,BAC01_2_600_360_run01,3,15
Enchytraeidae,600,360,2025-03-22T15:00:00Z,BAC01_2_600_360_run01,4,23
Enchytraeidae,600,360,2025-03-22T21:00:00Z,BAC01_2_600_360_run01,5,26
Enchytraeidae,600,360,2025-03-23T03:00:00Z,BAC01_2_600_360_run01,6,35
Enchytraeidae,600,360,2025-03-23T09:00:00Z,BAC01_2_600_360_run01,7,40
Enchytraeidae,600,360,2025-03-23T15:00:00Z,BAC01_2_600_360_run01,8,49
Enchytraeidae,600,360,2025-03-23T21:00:00Z,BAC01_2_600_360_run01,9,53
Enchytraeidae,600,360,2025-03-24T03:00:00Z,BAC01_2_600_360_run01,10,58
Enchytraeidae,600,360,2025-03-24T09:00:00Z,BAC01_2_600_360_run01,11,71
Enchytraeidae,600,360,2025-04-10T10:00:00Z,BAC01_4_600_360_run01,1,33
Enchytraeidae,600,360,2025-04-10T16:00:00Z,BAC01_4_600_360_run01,2,53
Enchytraeidae,600,360,2025-04-11T04:00:00Z,BAC01_4_600_360_run02,1,19
Enchytraeidae,600,360,2025-04-11T10:00:00Z,BAC01_4_600_360_run02,2,38
Enchytraeidae,600,360,2025-04-11T16:00:00Z,BAC01_4_600_360_run02,3,59
Enchytraeidae,600,360,2025-04-12T04:00:00Z,BAC01_4_600_360_run03,1,16
Enchytraeidae,600,360,2025-04-12T10:00:00Z,BAC01_4_600_360_run03,2,32
Enchytraeidae,600,360,2025-04-12T16:00:00Z,BAC01_4_600_360_run03,3,43
Enchytraeidae,600,360,2025-03-07T11:00:00Z,BAC02_1_600_360_run01,1,3
Enchytraeidae,600,360,2025-03-07T17:00:00Z,BAC02_1_600_360_run01,2,8
Enchytraeidae,600,360,2025-03-08T05:00:00Z,BAC02_1_600_360_run02,1,5
Enchytraeidae,600,360,2025-03-08T11:00:00Z,BAC02_1_600_360_run02,2,9
Enchytraeidae,600,360,2025-03-08T17:00:00Z,BAC02_1_600_360_run02,3,15
Enchytraeidae,600,360,2025-03-09T05:00:00Z,BAC02_1_600_360_run03,1,4
Enchytraeidae,600,360,2025-03-09T11:00:00Z,BAC02_1_600_360_run03,2,6
Enchytraeidae,600,360,2025-03-09T17:00:00Z,BAC02_1_600_360_run03,3,9
Enchytraeidae,600,360,2025-03-14T13:00:00Z,BAC02_2_600_360_run01,1,7
Enchytraeidae,600,360,2025-03-15T01:00:00Z,BAC02_2_600_360_run02,1,1
Enchytraeidae,600,360,2025-03-15T07:00:00Z,BAC02_2_600_360_run02,2,13
Enchytraeidae,600,360,2025-03-15T13:00:00Z,BAC02_2_600_360_run02,3,23
Enchytraeidae,600,360,2025-03-15T19:00:00Z,BAC02_2_600_360_run02,4,28
Enchytraeidae,600,360,2025-03-16T01:00:00Z,BAC02_2_600_360_run02,5,39
Enchytraeidae,600,360,2025-03-16T07:00:00Z,BAC02_2_600_360_run02,6,53
Enchytraeidae,600,360,2025-03-16T13:00:00Z,BAC02_2_600_360_run02,7,59
Enchytraeidae,600,360,2025-03-16T19:00:00Z,BAC02_2_600_360_run02,8,62
Enchytraeidae,600,360,2025-03-17T01:00:00Z,BAC02_2_600_360_run02,9,66
Enchytraeidae,600,360,2025-04-07T15:00:00Z,BAC02_4_600_360_run01,1,14
Enchytraeidae,600,360,2025-04-07T21:00:00Z,BAC02_4_600_360_run01,2,23
Enchytraeidae,600,360,2025-04-08T03:00:00Z,BAC02_4_600_360_run01,3,53
Enchytraeidae,600,360,2025-04-08T09:00:00Z,BAC02_4_600_360_run01,4,73
Enchytraeidae,600,360,2025-04-08T15:00:00Z,BAC02_4_600_360_run01,5,83
Enchytraeidae,600,360,2025-04-08T21:00:00Z,BAC02_4_600_360_run01,6,98
Enchytraeidae,600,360,2025-04-09T03:00:00Z,BAC02_4_600_360_run01,7,134
Enchytraeidae,600,360,2025-04-09T09:00:00Z,BAC02_4_600_360_run01,8,175
Enchytraeidae,600,360,2025-04-09T15:00:00Z,BAC02_4_600_360_run01,9,185
Enchytraeidae,600,360,2025-04-09T21:00:00Z,BAC02_4_600_360_run01,10,190
Enchytraeidae,600,360,2025-04-10T03:00:00Z,BAC02_4_600_360_run01,11,225
Enchytraeidae,600,360,2025-03-07T05:00:00Z,BAC03_1_600_360_run01,1,4
Enchytraeidae,600,360,2025-03-07T11:00:00Z,BAC03_1_600_360_run01,2,7
Enchytraeidae,600,360,2025-03-07T17:00:00Z,BAC03_1_600_360_run01,3,10
Enchytraeidae,600,360,2025-03-08T05:00:00Z,BAC03_1_600_360_run02,1,1
Enchytraeidae,600,360,2025-03-08T11:00:00Z,BAC03_1_600_360_run02,2,3
Enchytraeidae,600,360,2025-03-08T17:00:00Z,BAC03_1_600_360_run02,3,8
Enchytraeidae,600,360,2025-03-09T05:00:00Z,BAC03_1_600_360_run03,1,4
Enchytraeidae,600,360,2025-03-09T11:00:00Z,BAC03_1_600_360_run03,2,11
Enchytraeidae,600,360,2025-03-15T04:00:00Z,BAC03_2_600_360_run01,1,1
Enchytraeidae,600,360,2025-03-15T10:00:00Z,BAC03_2_600_360_run01,2,5
Enchytraeidae,600,360,2025-03-15T16:00:00Z,BAC03_2_600_360_run01,3,6
Enchytraeidae,600,360,2025-03-15T22:00:00Z,BAC03_2_600_360_run01,4,14
Enchytraeidae,600,360,2025-03-16T04:00:00Z,BAC03_2_600_360_run01,5,20
Enchytraeidae,600,360,2025-03-16T10:00:00Z,BAC03_2_600_360_run01,6,25
Enchytraeidae,600,360,2025-03-16T16:00:00Z,BAC03_2_600_360_run01,7,26
Enchytraeidae,600,360,2025-03-16T22:00:00Z,BAC03_2_600_360_run01,8,31
Enchytraeidae,600,360,2025-03-17T04:00:00Z,BAC03_2_600_360_run01,9,38
Enchytraeidae,600,360,2025-03-17T10:00:00Z,BAC03_2_600_360_run01,10,50
Enchytraeidae,600,360,2025-03-17T16:00:00Z,BAC03_2_600_360_run01,11,55
Enchytraeidae,600,360,2025-04-11T04:00:00Z,BAC03_4_600_360_run01,1,15
Enchytraeidae,600,360,2025-04-11T10:00:00Z,BAC03_4_600_360_run01,2,28
Enchytraeidae,600,360,2025-04-11T16:00:00Z,BAC03_4_600_360_run01,3,33
Enchytraeidae,600,360,2025-04-12T04:00:00Z,BAC03_4_600_360_run02,1,12
Enchytraeidae,600,360,2025-04-12T10:00:00Z,BAC03_4_600_360_run02,2,19
Enchytraeidae,600,360,2025-04-12T16:00:00Z,BAC03_4_600_360_run02,3,30
Enchytraeidae,600,360,2025-04-13T04:00:00Z,BAC03_4_600_360_run03,1,13
Enchytraeidae,600,360,2025-04-13T10:00:00Z,BAC03_4_600_360_run03,2,33
Enchytraeidae,1200,15,2025-03-09T21:30:00Z,BAC01_1_1200_15_run01,1,1
Enchytraeidae,1200,15,2025-03-09T21:45:00Z,BAC01_1_1200_15_run01,2,2
Enchytraeidae,1200,15,2025-03-09T22:00:00Z,BAC01_1_1200_15_run01,3,3
Enchytraeidae,1200,15,2025-03-09T22:30:00Z,BAC01_1_1200_15_run02,1,1
Enchytraeidae,1200,15,2025-03-09T22:45:00Z,BAC01_1_1200_15_run02,2,2
Enchytraeidae,1200,15,2025-03-09T23:15:00Z,BAC01_1_1200_15_run03,1,4
Enchytraeidae,1200,15,2025-03-09T23:30:00Z,BAC01_1_1200_15_run03,2,7
Enchytraeidae,1200,15,2025-03-09T23:45:00Z,BAC01_1_1200_15_run03,3,10
Enchytraeidae,1200,15,2025-03-21T12:15:00Z,BAC01_2_1200_15_run01,1,6
Enchytraeidae,1200,15,2025-03-21T12:30:00Z,BAC01_2_1200_15_run01,2,10
Enchytraeidae,1200,15,2025-03-21T12:45:00Z,BAC01_2_1200_15_run01,3,13
Enchytraeidae,1200,15,2025-03-21T13:00:00Z,BAC01_2_1200_15_run01,4,21
Enchytraeidae,1200,15,2025-03-21T13:15:00Z,BAC01_2_1200_15_run01,5,27
Enchytraeidae,1200,15,2025-03-21T13:30:00Z,BAC01_2_1200_15_run01,6,34
Enchytraeidae,1200,15,2025-03-21T13:45:00Z,BAC01_2_1200_15_run01,7,39
Enchytraeidae,1200,15,2025-03-21T14:00:00Z,BAC01_2_1200_15_run01,8,47
Enchytraeidae,1200,15,2025-03-21T14:15:00Z,BAC01_2_1200_15_run01,9,52
Enchytraeidae,1200,15,2025-03-21T14:30:00Z,BAC01_2_1200_15_run01,10,57
Enchytraeidae,1200,15,2025-03-21T14:45:00Z,BAC01_2_1200_15_run01,11,63
Enchytraeidae,1200,15,2025-04-12T23:15:00Z,BAC01_4_1200_15_run01,1,11
Enchytraeidae,1200,15,2025-04-12T23:30:00Z,BAC01_4_1200_15_run01,2,23
Enchytraeidae,1200,15,2025-04-12T23:45:00Z,BAC01_4_1200_15_run01,3,31
Enchytraeidae,1200,15,2025-04-13T00:00:00Z,BAC01_4_1200_15_run01,4,39
Enchytraeidae,1200,15,2025-04-13T00:15:00Z,BAC01_4_1200_15_run01,5,45
Enchytraeidae,1200,15,2025-04-13T00:30:00Z,BAC01_4_1200_15_run01,6,49
Enchytraeidae,1200,15,2025-04-13T00:45:00Z,BAC01_4_1200_15_run01,7,57
Enchytraeidae,1200,15,2025-04-13T01:00:00Z,BAC01_4_1200_15_run01,8,64
Enchytraeidae,1200,15,2025-04-13T01:15:00Z,BAC01_4_1200_15_run01,9,70
Enchytraeidae,1200,15,2025-04-13T01:30:00Z,BAC01_4_1200_15_run01,10,80
Enchytraeidae,1200,15,2025-04-13T01:45:00Z,BAC01_4_1200_15_run01,11,87
Enchytraeidae,1200,15,2025-03-10T00:15:00Z,BAC02_1_1200_15_run01,1,3
Enchytraeidae,1200,15,2025-03-10T00:30:00Z,BAC02_1_1200_15_run01,2,9
Enchytraeidae,1200,15,2025-03-10T00:45:00Z,BAC02_1_1200_15_run01,3,16
Enchytraeidae,1200,15,2025-03-10T01:00:00Z,BAC02_1_1200_15_run01,4,19
Enchytraeidae,1200,15,2025-03-10T01:15:00Z,BAC02_1_1200_15_run01,5,22
Enchytraeidae,1200,15,2025-03-10T01:30:00Z,BAC02_1_1200_15_run01,6,27
Enchytraeidae,1200,15,2025-03-10T01:45:00Z,BAC02_1_1200_15_run01,7,33
Enchytraeidae,1200,15,2025-03-10T02:00:00Z,BAC02_1_1200_15_run01,8,38
Enchytraeidae,1200,15,2025-03-10T02:15:00Z,BAC02_1_1200_15_run01,9,43
Enchytraeidae,1200,15,2025-03-10T02:30:00Z,BAC02_1_1200_15_run01,10,48
Enchytraeidae,1200,15,2025-03-10T02:45:00Z,BAC02_1_1200_15_run01,11,51
Enchytraeidae,1200,15,2025-03-23T07:15:00Z,BAC02_2_1200_15_run01,1,12
Enchytraeidae,1200,15,2025-03-23T07:30:00Z,BAC02_2_1200_15_run01,2,26
Enchytraeidae,1200,15,2025-03-23T07:45:00Z,BAC02_2_1200_15_run01,3,34
Enchytraeidae,1200,15,2025-03-23T08:00:00Z,BAC02_2_1200_15_run01,4,48
Enchytraeidae,1200,15,2025-03-23T08:15:00Z,BAC02_2_1200_15_run01,5,59
Enchytraeidae,1200,15,2025-03-23T08:30:00Z,BAC02_2_1200_15_run01,6,70
Enchytraeidae,1200,15,2025-03-23T08:45:00Z,BAC02_2_1200_15_run01,7,82
Enchytraeidae,1200,15,2025-03-23T09:00:00Z,BAC02_2_1200_15_run01,8,95
Enchytraeidae,1200,15,2025-03-23T09:15:00Z,BAC02_2_1200_15_run01,9,103
Enchytraeidae,1200,15,2025-03-23T09:30:00Z,BAC02_2_1200_15_run01,10,114
Enchytraeidae,1200,15,2025-03-23T09:45:00Z,BAC02_2_1200_15_run01,11,126
Enchytraeidae,1200,15,2025-04-16T06:15:00Z,BAC02_4_1200_15_run01,1,29
Enchytraeidae,1200,15,2025-04-16T06:30:00Z,BAC02_4_1200_15_run01,2,55
Enchytraeidae,1200,15,2025-04-16T06:45:00Z,BAC02_4_1200_15_run01,3,87
Enchytraeidae,1200,15,2025-04-16T07:00:00Z,BAC02_4_1200_15_run01,4,118
Enchytraeidae,1200,15,2025-04-16T07:15:00Z,BAC02_4_1200_15_run01,5,150
Enchytraeidae,1200,15,2025-04-16T07:30:00Z,BAC02_4_1200_15_run01,6,175
Enchytraeidae,1200,15,2025-04-16T07:45:00Z,BAC02_4_1200_15_run01,7,196
Enchytraeidae,1200,15,2025-04-16T08:00:00Z,BAC02_4_1200_15_run01,8,221
Enchytraeidae,1200,15,2025-04-16T08:15:00Z,BAC02_4_1200_15_run01,9,243
Enchytraeidae,1200,15,2025-04-16T08:30:00Z,BAC02_4_1200_15_run01,10,258
Enchytraeidae,1200,15,2025-04-16T08:45:00Z,BAC02_4_1200_15_run01,11,272
Enchytraeidae,1200,15,2025-03-06T14:15:00Z,BAC03_1_1200_15_run01,1,2
Enchytraeidae,1200,15,2025-03-06T14:30:00Z,BAC03_1_1200_15_run01,2,7
Enchytraeidae,1200,15,2025-03-06T14:45:00Z,BAC03_1_1200_15_run01,3,12
Enchytraeidae,1200,15,2025-03-06T15:00:00Z,BAC03_1_1200_15_run01,4,15
Enchytraeidae,1200,15,2025-03-06T15:30:00Z,BAC03_1_1200_15_run02,1,3
Enchytraeidae,1200,15,2025-03-06T15:45:00Z,BAC03_1_1200_15_run02,2,8
Enchytraeidae,1200,15,2025-03-06T16:00:00Z,BAC03_1_1200_15_run02,3,10
Enchytraeidae,1200,15,2025-03-06T16:15:00Z,BAC03_1_1200_15_run02,4,11
Enchytraeidae,1200,15,2025-03-06T16:30:00Z,BAC03_1_1200_15_run02,5,12
Enchytraeidae,1200,15,2025-03-06T16:45:00Z,BAC03_1_1200_15_run02,6,14
Enchytraeidae,1200,15,2025-03-14T07:15:00Z,BAC03_2_1200_15_run01,1,11
Enchytraeidae,1200,15,2025-03-14T07:30:00Z,BAC03_2_1200_15_run01,2,21
Enchytraeidae,1200,15,2025-03-14T07:45:00Z,BAC03_2_1200_15_run01,3,34
Enchytraeidae,1200,15,2025-03-14T08:00:00Z,BAC03_2_1200_15_run01,4,49
Enchytraeidae,1200,15,2025-03-14T08:15:00Z,BAC03_2_1200_15_run01,5,62
Enchytraeidae,1200,15,2025-03-14T08:30:00Z,BAC03_2_1200_15_run01,6,70
Enchytraeidae,1200,15,2025-03-14T08:45:00Z,BAC03_2_1200_15_run01,7,76
Enchytraeidae,1200,15,2025-03-14T09:00:00Z,BAC03_2_1200_15_run01,8,85
Enchytraeidae,1200,15,2025-03-14T09:15:00Z,BAC03_2_1200_15_run01,9,99
Enchytraeidae,1200,15,2025-03-14T09:30:00Z,BAC03_2_1200_15_run01,10,114
Enchytraeidae,1200,15,2025-03-14T09:45:00Z,BAC03_2_1200_15_run01,11,128
Enchytraeidae,1200,15,2025-04-16T06:15:00Z,BAC03_4_1200_15_run01,1,10
Enchytraeidae,1200,15,2025-04-16T06:30:00Z,BAC03_4_1200_15_run01,2,20
Enchytraeidae,1200,15,2025-04-16T06:45:00Z,BAC03_4_1200_15_run01,3,29
Enchytraeidae,1200,15,2025-04-16T07:00:00Z,BAC03_4_1200_15_run01,4,41
Enchytraeidae,1200,15,2025-04-16T07:15:00Z,BAC03_4_1200_15_run01,5,50
Enchytraeidae,1200,15,2025-04-16T07:30:00Z,BAC03_4_1200_15_run01,6,60
Enchytraeidae,1200,15,2025-04-16T07:45:00Z,BAC03_4_1200_15_run01,7,73
Enchytraeidae,1200,15,2025-04-16T08:00:00Z,BAC03_4_1200_15_run01,8,87
Enchytraeidae,1200,15,2025-04-16T08:15:00Z,BAC03_4_1200_15_run01,9,101
Enchytraeidae,1200,15,2025-04-16T08:30:00Z,BAC03_4_1200_15_run01,10,115
Enchytraeidae,1200,15,2025-04-16T08:45:00Z,BAC03_4_1200_15_run01,11,132
Enchytraeidae,1200,60,2025-03-06T03:00:00Z,BAC01_1_1200_60_run01,1,8
Enchytraeidae,1200,60,2025-03-06T04:00:00Z,BAC01_1_1200_60_run01,2,14
Enchytraeidae,1200,60,2025-03-06T05:00:00Z,BAC01_1_1200_60_run01,3,17
Enchytraeidae,1200,60,2025-03-06T06:00:00Z,BAC01_1_1200_60_run01,4,20
Enchytraeidae,1200,60,2025-03-06T07:00:00Z,BAC01_1_1200_60_run01,5,23
Enchytraeidae,1200,60,2025-03-06T08:00:00Z,BAC01_1_1200_60_run01,6,29
Enchytraeidae,1200,60,2025-03-06T09:00:00Z,BAC01_1_1200_60_run01,7,31
Enchytraeidae,1200,60,2025-03-06T10:00:00Z,BAC01_1_1200_60_run01,8,38
Enchytraeidae,1200,60,2025-03-06T11:00:00Z,BAC01_1_1200_60_run01,9,43
Enchytraeidae,1200,60,2025-03-06T12:00:00Z,BAC01_1_1200_60_run01,10,49
Enchytraeidae,1200,60,2025-03-06T13:00:00Z,BAC01_1_1200_60_run01,11,56
Enchytraeidae,1200,60,2025-03-18T03:00:00Z,BAC01_2_1200_60_run01,1,16
Enchytraeidae,1200,60,2025-03-18T04:00:00Z,BAC01_2_1200_60_run01,2,32
Enchytraeidae,1200,60,2025-03-18T05:00:00Z,BAC01_2_1200_60_run01,3,44
Enchytraeidae,1200,60,2025-03-18T06:00:00Z,BAC01_2_1200_60_run01,4,52
Enchytraeidae,1200,60,2025-03-18T07:00:00Z,BAC01_2_1200_60_run01,5,62
Enchytraeidae,1200,60,2025-03-18T08:00:00Z,BAC01_2_1200_60_run01,6,74
Enchytraeidae,1200,60,2025-03-18T09:00:00Z,BAC01_2_1200_60_run01,7,84
Enchytraeidae,1200,60,2025-03-18T10:00:00Z,BAC01_2_1200_60_run01,8,103
Enchytraeidae,1200,60,2025-03-18T11:00:00Z,BAC01_2_1200_60_run01,9,124
Enchytraeidae,1200,60,2025-03-18T12:00:00Z,BAC01_2_1200_60_run01,10,166
Enchytraeidae,1200,60,2025-03-18T13:00:00Z,BAC01_2_1200_60_run01,11,195
Enchytraeidae,1200,60,2025-04-09T14:00:00Z,BAC01_4_1200_60_run01,1,31
Enchytraeidae,1200,60,2025-04-09T15:00:00Z,BAC01_4_1200_60_run01,2,58
Enchytraeidae,1200,60,2025-04-09T16:00:00Z,BAC01_4_1200_60_run01,3,91
Enchytraeidae,1200,60,2025-04-09T17:00:00Z,BAC01_4_1200_60_run01,4,118
Enchytraeidae,1200,60,2025-04-09T18:00:00Z,BAC01_4_1200_60_run01,5,146
Enchytraeidae,1200,60,2025-04-09T19:00:00Z,BAC01_4_1200_60_run01,6,164
Enchytraeidae,1200,60,2025-04-09T20:00:00Z,BAC01_4_1200_60_run01,7,185
Enchytraeidae,1200,60,2025-04-09T21:00:00Z,BAC01_4_1200_60_run01,8,202
Enchytraeidae,1200,60,2025-04-09T23:00:00Z,BAC01_4_1200_60_run02,1,19
Enchytraeidae,1200,60,2025-04-10T00:00:00Z,BAC01_4_1200_60_run02,2,35
Enchytraeidae,1200,60,2025-03-24T00:00:00Z,BAC02_2_1200_60_run01,1,2
Enchytraeidae,1200,60,2025-03-24T01:00:00Z,BAC02_2_1200_60_run01,2,8
Enchytraeidae,1200,60,2025-03-24T02:00:00Z,BAC02_2_1200_60_run01,3,14
Enchytraeidae,1200,60,2025-03-24T03:00:00Z,BAC02_2_1200_60_run01,4,21
Enchytraeidae,1200,60,2025-03-24T04:00:00Z,BAC02_2_1200_60_run01,5,30
Enchytraeidae,1200,60,2025-03-24T05:00:00Z,BAC02_2_1200_60_run01,6,39
Enchytraeidae,1200,60,2025-03-24T06:00:00Z,BAC02_2_1200_60_run01,7,51
Enchytraeidae,1200,60,2025-03-24T07:00:00Z,BAC02_2_1200_60_run01,8,70
Enchytraeidae,1200,60,2025-03-24T08:00:00Z,BAC02_2_1200_60_run01,9,78
Enchytraeidae,1200,60,2025-03-24T09:00:00Z,BAC02_2_1200_60_run01,10,87
Enchytraeidae,1200,60,2025-04-06T10:00:00Z,BAC02_4_1200_60_run01,1,21
Enchytraeidae,1200,60,2025-04-06T11:00:00Z,BAC02_4_1200_60_run01,2,49
Enchytraeidae,1200,60,2025-04-06T12:00:00Z,BAC02_4_1200_60_run01,3,68
Enchytraeidae,1200,60,2025-04-06T13:00:00Z,BAC02_4_1200_60_run01,4,84
Enchytraeidae,1200,60,2025-04-06T14:00:00Z,BAC02_4_1200_60_run01,5,99
Enchytraeidae,1200,60,2025-04-06T15:00:00Z,BAC02_4_1200_60_run01,6,110
Enchytraeidae,1200,60,2025-04-06T16:00:00Z,BAC02_4_1200_60_run01,7,117
Enchytraeidae,1200,60,2025-04-06T17:00:00Z,BAC02_4_1200_60_run01,8,130
Enchytraeidae,1200,60,2025-04-06T18:00:00Z,BAC02_4_1200_60_run01,9,145
Enchytraeidae,1200,60,2025-04-06T19:00:00Z,BAC02_4_1200_60_run01,10,161
Enchytraeidae,1200,60,2025-04-06T20:00:00Z,BAC02_4_1200_60_run01,11,171
Enchytraeidae,1200,60,2025-03-14T11:00:00Z,BAC03_2_1200_60_run01,1,8
Enchytraeidae,1200,60,2025-03-14T12:00:00Z,BAC03_2_1200_60_run01,2,20
Enchytraeidae,1200,60,2025-03-14T13:00:00Z,BAC03_2_1200_60_run01,3,28
Enchytraeidae,1200,60,2025-03-14T14:00:00Z,BAC03_2_1200_60_run01,4,35
Enchytraeidae,1200,60,2025-03-14T15:00:00Z,BAC03_2_1200_60_run01,5,42
Enchytraeidae,1200,60,2025-03-14T16:00:00Z,BAC03_2_1200_60_run01,6,48
Enchytraeidae,1200,60,2025-03-14T17:00:00Z,BAC03_2_1200_60_run01,7,58
Enchytraeidae,1200,60,2025-03-14T18:00:00Z,BAC03_2_1200_60_run01,8,67
Enchytraeidae,1200,60,2025-03-14T19:00:00Z,BAC03_2_1200_60_run01,9,74
Enchytraeidae,1200,60,2025-03-14T20:00:00Z,BAC03_2_1200_60_run01,10,77
Enchytraeidae,1200,60,2025-03-14T21:00:00Z,BAC03_2_1200_60_run01,11,81
Enchytraeidae,1200,60,2025-04-06T07:00:00Z,BAC03_4_1200_60_run01,1,9
Enchytraeidae,1200,60,2025-04-06T08:00:00Z,BAC03_4_1200_60_run01,2,23
Enchytraeidae,1200,60,2025-04-06T09:00:00Z,BAC03_4_1200_60_run01,3,35
Enchytraeidae,1200,60,2025-04-06T10:00:00Z,BAC03_4_1200_60_run01,4,43
Enchytraeidae,1200,60,2025-04-06T11:00:00Z,BAC03_4_1200_60_run01,5,51
Enchytraeidae,1200,60,2025-04-06T12:00:00Z,BAC03_4_1200_60_run01,6,57
Enchytraeidae,1200,60,2025-04-06T13:00:00Z,BAC03_4_1200_60_run01,7,65
Enchytraeidae,1200,60,2025-04-06T14:00:00Z,BAC03_4_1200_60_run01,8,73
Enchytraeidae,1200,60,2025-04-06T15:00:00Z,BAC03_4_1200_60_run01,9,76
Enchytraeidae,1200,60,2025-04-06T16:00:00Z,BAC03_4_1200_60_run01,10,82
Enchytraeidae,1200,60,2025-04-06T17:00:00Z,BAC03_4_1200_60_run01,11,86
Enchytraeidae,1200,360,2025-03-10T21:00:00Z,BAC01_1_1200_360_run01,1,4
Enchytraeidae,1200,360,2025-03-11T03:00:00Z,BAC01_1_1200_360_run01,2,10
Enchytraeidae,1200,360,2025-03-11T09:00:00Z,BAC01_1_1200_360_run01,3,20
Enchytraeidae,1200,360,2025-03-11T15:00:00Z,BAC01_1_1200_360_run01,4,27
Enchytraeidae,1200,360,2025-03-11T21:00:00Z,BAC01_1_1200_360_run01,5,31
Enchytraeidae,1200,360,2025-03-12T03:00:00Z,BAC01_1_1200_360_run01,6,35
Enchytraeidae,1200,360,2025-03-12T09:00:00Z,BAC01_1_1200_360_run01,7,41
Enchytraeidae,1200,360,2025-03-12T15:00:00Z,BAC01_1_1200_360_run01,8,57
Enchytraeidae,1200,360,2025-03-12T21:00:00Z,BAC01_1_1200_360_run01,9,66
Enchytraeidae,1200,360,2025-03-13T03:00:00Z,BAC01_1_1200_360_run01,10,73
Enchytraeidae,1200,360,2025-03-13T09:00:00Z,BAC01_1_1200_360_run01,11,81
Enchytraeidae,1200,360,2025-03-18T20:00:00Z,BAC01_2_1200_360_run01,1,19
Enchytraeidae,1200,360,2025-03-19T02:00:00Z,BAC01_2_1200_360_run01,2,34
Enchytraeidae,1200,360,2025-03-19T08:00:00Z,BAC01_2_1200_360_run01,3,48
Enchytraeidae,1200,360,2025-03-19T14:00:00Z,BAC01_2_1200_360_run01,4,68
Enchytraeidae,1200,360,2025-03-19T20:00:00Z,BAC01_2_1200_360_run01,5,87
Enchytraeidae,1200,360,2025-03-20T02:00:00Z,BAC01_2_1200_360_run01,6,118
Enchytraeidae,1200,360,2025-03-20T08:00:00Z,BAC01_2_1200_360_run01,7,152
Enchytraeidae,1200,360,2025-03-20T14:00:00Z,BAC01_2_1200_360_run01,8,170
Enchytraeidae,1200,360,2025-03-20T20:00:00Z,BAC01_2_1200_360_run01,9,182
Enchytraeidae,1200,360,2025-03-21T02:00:00Z,BAC01_2_1200_360_run01,10,193
Enchytraeidae,1200,360,2025-03-21T08:00:00Z,BAC01_2_1200_360_run01,11,206
Enchytraeidae,1200,360,2025-04-07T00:00:00Z,BAC01_4_1200_360_run01,1,41
Enchytraeidae,1200,360,2025-04-07T06:00:00Z,BAC01_4_1200_360_run01,2,70
Enchytraeidae,1200,360,2025-04-07T18:00:00Z,BAC01_4_1200_360_run02,1,59
Enchytraeidae,1200,360,2025-04-08T00:00:00Z,BAC01_4_1200_360_run02,2,107
Enchytraeidae,1200,360,2025-04-08T06:00:00Z,BAC01_4_1200_360_run02,3,144
Enchytraeidae,1200,360,2025-04-08T12:00:00Z,BAC01_4_1200_360_run02,4,218
Enchytraeidae,1200,360,2025-04-08T18:00:00Z,BAC01_4_1200_360_run02,5,261
Enchytraeidae,1200,360,2025-04-09T00:00:00Z,BAC01_4_1200_360_run02,6,292
Enchytraeidae,1200,360,2025-04-09T06:00:00Z,BAC01_4_1200_360_run02,7,364
Enchytraeidae,1200,360,2025-04-09T12:00:00Z,BAC01_4_1200_360_run02,8,404
Enchytraeidae,1200,360,2025-03-10T21:00:00Z,BAC02_1_1200_360_run01,1,5
Enchytraeidae,1200,360,2025-03-11T03:00:00Z,BAC02_1_1200_360_run01,2,17
Enchytraeidae,1200,360,2025-03-11T09:00:00Z,BAC02_1_1200_360_run01,3,22
Enchytraeidae,1200,360,2025-03-11T15:00:00Z,BAC02_1_1200_360_run01,4,30
Enchytraeidae,1200,360,2025-03-11T21:00:00Z,BAC02_1_1200_360_run01,5,40
Enchytraeidae,1200,360,2025-03-12T03:00:00Z,BAC02_1_1200_360_run01,6,50
Enchytraeidae,1200,360,2025-03-12T09:00:00Z,BAC02_1_1200_360_run01,7,62
Enchytraeidae,1200,360,2025-03-12T15:00:00Z,BAC02_1_1200_360_run01,8,69
Enchytraeidae,1200,360,2025-03-12T21:00:00Z,BAC02_1_1200_360_run01,9,71
Enchytraeidae,1200,360,2025-03-13T03:00:00Z,BAC02_1_1200_360_run01,10,79
Enchytraeidae,1200,360,2025-03-13T09:00:00Z,BAC02_1_1200_360_run01,11,88
Enchytraeidae,1200,360,2025-03-20T15:00:00Z,BAC02_2_1200_360_run01,1,6
Enchytraeidae,1200,360,2025-03-20T21:00:00Z,BAC02_2_1200_360_run01,2,11
Enchytraeidae,1200,360,2025-03-21T03:00:00Z,BAC02_2_1200_360_run01,3,17
Enchytraeidae,1200,360,2025-03-21T09:00:00Z,BAC02_2_1200_360_run01,4,23
Enchytraeidae,1200,360,2025-03-21T15:00:00Z,BAC02_2_1200_360_run01,5,25
Enchytraeidae,1200,360,2025-03-21T21:00:00Z,BAC02_2_1200_360_run01,6,35
Enchytraeidae,1200,360,2025-03-22T03:00:00Z,BAC02_2_1200_360_run01,7,44
Enchytraeidae,1200,360,2025-03-22T09:00:00Z,BAC02_2_1200_360_run01,8,54
Enchytraeidae,1200,360,2025-03-22T15:00:00Z,BAC02_2_1200_360_run01,9,64
Enchytraeidae,1200,360,2025-03-22T21:00:00Z,BAC02_2_1200_360_run01,10,70
Enchytraeidae,1200,360,2025-03-23T03:00:00Z,BAC02_2_1200_360_run01,11,80
Enchytraeidae,1200,360,2025-04-10T10:00:00Z,BAC02_4_1200_360_run01,1,31
Enchytraeidae,1200,360,2025-04-10T16:00:00Z,BAC02_4_1200_360_run01,2,34
Enchytraeidae,1200,360,2025-04-11T04:00:00Z,BAC02_4_1200_360_run02,1,23
Enchytraeidae,1200,360,2025-04-11T10:00:00Z,BAC02_4_1200_360_run02,2,46
Enchytraeidae,1200,360,2025-04-11T16:00:00Z,BAC02_4_1200_360_run02,3,48
Enchytraeidae,1200,360,2025-04-12T04:00:00Z,BAC02_4_1200_360_run03,1,36
Enchytraeidae,1200,360,2025-04-12T10:00:00Z,BAC02_4_1200_360_run03,2,62
Enchytraeidae,1200,360,2025-04-12T16:00:00Z,BAC02_4_1200_360_run03,3,71
Enchytraeidae,1200,360,2025-03-10T06:00:00Z,BAC03_1_1200_360_run01,1,11
Enchytraeidae,1200,360,2025-03-10T12:00:00Z,BAC03_1_1200_360_run01,2,15
Enchytraeidae,1200,360,2025-03-10T18:00:00Z,BAC03_1_1200_360_run01,3,17
Enchytraeidae,1200,360,2025-03-11T00:00:00Z,BAC03_1_1200_360_run01,4,22
Enchytraeidae,1200,360,2025-03-11T06:00:00Z,BAC03_1_1200_360_run01,5,30
Enchytraeidae,1200,360,2025-03-11T12:00:00Z,BAC03_1_1200_360_run01,6,43
Enchytraeidae,1200,360,2025-03-11T18:00:00Z,BAC03_1_1200_360_run01,7,49
Enchytraeidae,1200,360,2025-03-12T00:00:00Z,BAC03_1_1200_360_run01,8,59
Enchytraeidae,1200,360,2025-03-12T06:00:00Z,BAC03_1_1200_360_run01,9,66
Enchytraeidae,1200,360,2025-03-12T12:00:00Z,BAC03_1_1200_360_run01,10,69
Enchytraeidae,1200,360,2025-03-12T18:00:00Z,BAC03_1_1200_360_run01,11,71
Enchytraeidae,1200,360,2025-03-18T11:00:00Z,BAC03_2_1200_360_run01,1,6
Enchytraeidae,1200,360,2025-03-18T17:00:00Z,BAC03_2_1200_360_run01,2,12
Enchytraeidae,1200,360,2025-03-19T05:00:00Z,BAC03_2_1200_360_run02,1,7
Enchytraeidae,1200,360,2025-03-19T11:00:00Z,BAC03_2_1200_360_run02,2,22
Enchytraeidae,1200,360,2025-03-19T17:00:00Z,BAC03_2_1200_360_run02,3,68
Enchytraeidae,1200,360,2025-03-20T05:00:00Z,BAC03_2_1200_360_run03,1,51
Enchytraeidae,1200,360,2025-03-20T11:00:00Z,BAC03_2_1200_360_run03,2,91
Enchytraeidae,1200,360,2025-03-20T17:00:00Z,BAC03_2_1200_360_run03,3,100
Enchytraeidae,1200,360,2025-04-07T03:00:00Z,BAC03_4_1200_360_run01,1,8
Enchytraeidae,1200,360,2025-04-07T15:00:00Z,BAC03_4_1200_360_run02,1,13
Enchytraeidae,1200,360,2025-04-07T21:00:00Z,BAC03_4_1200_360_run02,2,40
Enchytraeidae,1200,360,2025-04-08T03:00:00Z,BAC03_4_1200_360_run02,3,67
Enchytraeidae,1200,360,2025-04-08T09:00:00Z,BAC03_4_1200_360_run02,4,97
Enchytraeidae,1200,360,2025-04-08T15:00:00Z,BAC03_4_1200_360_run02,5,109
Enchytraeidae,1200,360,2025-04-08T21:00:00Z,BAC03_4_1200_360_run02,6,124
Enchytraeidae,1200,360,2025-04-09T03:00:00Z,BAC03_4_1200_360_run02,7,142
Enchytraeidae,1200,360,2025-04-09T09:00:00Z,BAC03_4_1200_360_run02,8,201
Enchytraeidae,1200,360,2025-04-09T15:00:00Z,BAC03_4_1200_360_run02,9,213
Enchytraeidae,1200,360,2025-04-16T06:00:00Z,BAC03_4_1200_360_run03,1,3
Enchytraeidae,2400,60,2025-03-10T04:00:00Z,BAC01_1_2400_60_run01,1,4
Enchytraeidae,2400,60,2025-03-10T05:00:00Z,BAC01_1_2400_60_run01,2,7
Enchytraeidae,2400,60,2025-03-10T06:00:00Z,BAC01_1_2400_60_run01,3,9
Enchytraeidae,2400,60,2025-03-10T07:00:00Z,BAC01_1_2400_60_run01,4,15
Enchytraeidae,2400,60,2025-03-10T08:00:00Z,BAC01_1_2400_60_run01,5,23
Enchytraeidae,2400,60,2025-03-10T09:00:00Z,BAC01_1_2400_60_run01,6,28
Enchytraeidae,2400,60,2025-03-10T10:00:00Z,BAC01_1_2400_60_run01,7,29
Enchytraeidae,2400,60,2025-03-10T11:00:00Z,BAC01_1_2400_60_run01,8,33
Enchytraeidae,2400,60,2025-03-10T12:00:00Z,BAC01_1_2400_60_run01,9,40
Enchytraeidae,2400,60,2025-03-10T13:00:00Z,BAC01_1_2400_60_run01,10,47
Enchytraeidae,2400,60,2025-03-10T14:00:00Z,BAC01_1_2400_60_run01,11,52
Enchytraeidae,2400,60,2025-03-14T08:00:00Z,BAC01_2_2400_60_run01,1,13
Enchytraeidae,2400,60,2025-03-14T09:00:00Z,BAC01_2_2400_60_run01,2,30
Enchytraeidae,2400,60,2025-03-14T10:00:00Z,BAC01_2_2400_60_run01,3,47
Enchytraeidae,2400,60,2025-03-14T11:00:00Z,BAC01_2_2400_60_run01,4,55
Enchytraeidae,2400,60,2025-03-14T12:00:00Z,BAC01_2_2400_60_run01,5,68
Enchytraeidae,2400,60,2025-03-14T13:00:00Z,BAC01_2_2400_60_run01,6,72
Enchytraeidae,2400,60,2025-03-14T14:00:00Z,BAC01_2_2400_60_run01,7,80
Enchytraeidae,2400,60,2025-03-14T15:00:00Z,BAC01_2_2400_60_run01,8,90
Enchytraeidae,2400,60,2025-03-14T16:00:00Z,BAC01_2_2400_60_run01,9,100
Enchytraeidae,2400,60,2025-03-14T17:00:00Z,BAC01_2_2400_60_run01,10,113
Enchytraeidae,2400,60,2025-03-14T18:00:00Z,BAC01_2_2400_60_run01,11,123
Enchytraeidae,2400,60,2025-04-15T23:00:00Z,BAC01_4_2400_60_run01,1,5
Enchytraeidae,2400,60,2025-04-16T00:00:00Z,BAC01_4_2400_60_run01,2,10
Enchytraeidae,2400,60,2025-04-16T01:00:00Z,BAC01_4_2400_60_run01,3,15
Enchytraeidae,2400,60,2025-04-16T02:00:00Z,BAC01_4_2400_60_run01,4,17
Enchytraeidae,2400,60,2025-04-16T03:00:00Z,BAC01_4_2400_60_run01,5,21
Enchytraeidae,2400,60,2025-04-16T04:00:00Z,BAC01_4_2400_60_run01,6,24
Enchytraeidae,2400,60,2025-04-16T05:00:00Z,BAC01_4_2400_60_run01,7,29
Enchytraeidae,2400,60,2025-04-16T06:00:00Z,BAC01_4_2400_60_run01,8,35
Enchytraeidae,2400,60,2025-04-16T07:00:00Z,BAC01_4_2400_60_run01,9,47
Enchytraeidae,2400,60,2025-04-16T08:00:00Z,BAC01_4_2400_60_run01,10,48
Enchytraeidae,2400,60,2025-03-06T06:00:00Z,BAC02_1_2400_60_run01,1,9
Enchytraeidae,2400,60,2025-03-06T07:00:00Z,BAC02_1_2400_60_run01,2,12
Enchytraeidae,2400,60,2025-03-06T08:00:00Z,BAC02_1_2400_60_run01,3,21
Enchytraeidae,2400,60,2025-03-06T09:00:00Z,BAC02_1_2400_60_run01,4,33
Enchytraeidae,2400,60,2025-03-06T10:00:00Z,BAC02_1_2400_60_run01,5,36
Enchytraeidae,2400,60,2025-03-06T11:00:00Z,BAC02_1_2400_60_run01,6,44
Enchytraeidae,2400,60,2025-03-06T12:00:00Z,BAC02_1_2400_60_run01,7,49
Enchytraeidae,2400,60,2025-03-06T13:00:00Z,BAC02_1_2400_60_run01,8,54
Enchytraeidae,2400,60,2025-03-06T14:00:00Z,BAC02_1_2400_60_run01,9,63
Enchytraeidae,2400,60,2025-03-06T15:00:00Z,BAC02_1_2400_60_run01,10,73
Enchytraeidae,2400,60,2025-03-06T16:00:00Z,BAC02_1_2400_60_run01,11,87
Enchytraeidae,2400,60,2025-03-17T03:00:00Z,BAC02_2_2400_60_run01,1,14
Enchytraeidae,2400,60,2025-03-17T04:00:00Z,BAC02_2_2400_60_run01,2,23
Enchytraeidae,2400,60,2025-03-17T05:00:00Z,BAC02_2_2400_60_run01,3,38
Enchytraeidae,2400,60,2025-03-17T06:00:00Z,BAC02_2_2400_60_run01,4,54
Enchytraeidae,2400,60,2025-03-17T07:00:00Z,BAC02_2_2400_60_run01,5,65
Enchytraeidae,2400,60,2025-03-17T08:00:00Z,BAC02_2_2400_60_run01,6,81
Enchytraeidae,2400,60,2025-03-17T09:00:00Z,BAC02_2_2400_60_run01,7,93
Enchytraeidae,2400,60,2025-03-17T10:00:00Z,BAC02_2_2400_60_run01,8,104
Enchytraeidae,2400,60,2025-03-17T11:00:00Z,BAC02_2_2400_60_run01,9,115
Enchytraeidae,2400,60,2025-03-17T12:00:00Z,BAC02_2_2400_60_run01,10,123
Enchytraeidae,2400,60,2025-03-17T13:00:00Z,BAC02_2_2400_60_run01,11,132
Enchytraeidae,2400,60,2025-04-06T23:00:00Z,BAC02_4_2400_60_run01,1,15
Enchytraeidae,2400,60,2025-04-07T00:00:00Z,BAC02_4_2400_60_run01,2,29
Enchytraeidae,2400,60,2025-04-07T01:00:00Z,BAC02_4_2400_60_run01,3,46
Enchytraeidae,2400,60,2025-04-07T02:00:00Z,BAC02_4_2400_60_run01,4,59
Enchytraeidae,2400,60,2025-04-07T03:00:00Z,BAC02_4_2400_60_run01,5,89
Enchytraeidae,2400,60,2025-04-07T04:00:00Z,BAC02_4_2400_60_run01,6,121
Enchytraeidae,2400,60,2025-04-07T05:00:00Z,BAC02_4_2400_60_run01,7,149
Enchytraeidae,2400,60,2025-04-07T06:00:00Z,BAC02_4_2400_60_run01,8,188
Enchytraeidae,2400,60,2025-04-07T07:00:00Z,BAC02_4_2400_60_run01,9,231
Enchytraeidae,2400,60,2025-04-07T08:00:00Z,BAC02_4_2400_60_run01,10,254
Enchytraeidae,2400,60,2025-03-09T13:00:00Z,BAC03_1_2400_60_run01,1,9
Enchytraeidae,2400,60,2025-03-09T14:00:00Z,BAC03_1_2400_60_run01,2,19
Enchytraeidae,2400,60,2025-03-09T15:00:00Z,BAC03_1_2400_60_run01,3,29
Enchytraeidae,2400,60,2025-03-09T16:00:00Z,BAC03_1_2400_60_run01,4,40
Enchytraeidae,2400,60,2025-03-09T17:00:00Z,BAC03_1_2400_60_run01,5,48
Enchytraeidae,2400,60,2025-03-09T18:00:00Z,BAC03_1_2400_60_run01,6,57
Enchytraeidae,2400,60,2025-03-09T19:00:00Z,BAC03_1_2400_60_run01,7,64
Enchytraeidae,2400,60,2025-03-09T20:00:00Z,BAC03_1_2400_60_run01,8,67
Enchytraeidae,2400,60,2025-03-09T21:00:00Z,BAC03_1_2400_60_run01,9,70
Enchytraeidae,2400,60,2025-03-09T22:00:00Z,BAC03_1_2400_60_run01,10,73
Enchytraeidae,2400,60,2025-03-24T00:00:00Z,BAC03_2_2400_60_run01,1,9
Enchytraeidae,2400,60,2025-03-24T01:00:00Z,BAC03_2_2400_60_run01,2,14
Enchytraeidae,2400,60,2025-03-24T02:00:00Z,BAC03_2_2400_60_run01,3,22
Enchytraeidae,2400,60,2025-03-24T03:00:00Z,BAC03_2_2400_60_run01,4,35
Enchytraeidae,2400,60,2025-03-24T04:00:00Z,BAC03_2_2400_60_run01,5,61
Enchytraeidae,2400,60,2025-03-24T05:00:00Z,BAC03_2_2400_60_run01,6,90
Enchytraeidae,2400,60,2025-03-24T06:00:00Z,BAC03_2_2400_60_run01,7,95
Enchytraeidae,2400,60,2025-03-24T07:00:00Z,BAC03_2_2400_60_run01,8,116
Enchytraeidae,2400,60,2025-03-24T08:00:00Z,BAC03_2_2400_60_run01,9,145
Enchytraeidae,2400,60,2025-03-24T09:00:00Z,BAC03_2_2400_60_run01,10,167
Enchytraeidae,2400,60,2025-04-10T05:00:00Z,BAC03_4_2400_60_run01,1,19
Enchytraeidae,2400,60,2025-04-10T06:00:00Z,BAC03_4_2400_60_run01,2,40
Enchytraeidae,2400,60,2025-04-10T07:00:00Z,BAC03_4_2400_60_run01,3,62
Enchytraeidae,2400,60,2025-04-10T08:00:00Z,BAC03_4_2400_60_run01,4,93
Enchytraeidae,2400,60,2025-04-10T09:00:00Z,BAC03_4_2400_60_run01,5,108
Enchytraeidae,2400,60,2025-04-10T10:00:00Z,BAC03_4_2400_60_run01,6,120
Enchytraeidae,2400,60,2025-04-10T11:00:00Z,BAC03_4_2400_60_run01,7,132
Enchytraeidae,2400,60,2025-04-10T12:00:00Z,BAC03_4_2400_60_run01,8,144
Enchytraeidae,2400,60,2025-04-10T13:00:00Z,BAC03_4_2400_60_run01,9,147
Enchytraeidae,2400,60,2025-04-10T14:00:00Z,BAC03_4_2400_60_run01,10,154
Enchytraeidae,2400,60,2025-04-10T15:00:00Z,BAC03_4_2400_60_run01,11,161
Enchytraeidae,2400,360,2025-03-07T08:00:00Z,BAC01_1_2400_360_run01,1,5
Enchytraeidae,2400,360,2025-03-07T14:00:00Z,BAC01_1_2400_360_run01,2,14
Enchytraeidae,2400,360,2025-03-07T20:00:00Z,BAC01_1_2400_360_run01,3,23
Enchytraeidae,2400,360,2025-03-08T02:00:00Z,BAC01_1_2400_360_run01,4,29
Enchytraeidae,2400,360,2025-03-08T08:00:00Z,BAC01_1_2400_360_run01,5,34
Enchytraeidae,2400,360,2025-03-08T14:00:00Z,BAC01_1_2400_360_run01,6,36
Enchytraeidae,2400,360,2025-03-08T20:00:00Z,BAC01_1_2400_360_run01,7,41
Enchytraeidae,2400,360,2025-03-09T02:00:00Z,BAC01_1_2400_360_run01,8,43
Enchytraeidae,2400,360,2025-03-09T08:00:00Z,BAC01_1_2400_360_run01,9,47
Enchytraeidae,2400,360,2025-03-09T14:00:00Z,BAC01_1_2400_360_run01,10,50
Enchytraeidae,2400,360,2025-03-09T20:00:00Z,BAC01_1_2400_360_run01,11,54
Enchytraeidae,2400,360,2025-03-15T13:00:00Z,BAC01_2_2400_360_run01,1,28
Enchytraeidae,2400,360,2025-03-15T19:00:00Z,BAC01_2_2400_360_run01,2,42
Enchytraeidae,2400,360,2025-03-16T01:00:00Z,BAC01_2_2400_360_run01,3,57
Enchytraeidae,2400,360,2025-03-16T07:00:00Z,BAC01_2_2400_360_run01,4,65
Enchytraeidae,2400,360,2025-03-16T13:00:00Z,BAC01_2_2400_360_run01,5,97
Enchytraeidae,2400,360,2025-03-16T19:00:00Z,BAC01_2_2400_360_run01,6,119
Enchytraeidae,2400,360,2025-03-17T01:00:00Z,BAC01_2_2400_360_run01,7,137
Enchytraeidae,2400,360,2025-03-17T07:00:00Z,BAC01_2_2400_360_run01,8,153
Enchytraeidae,2400,360,2025-03-17T13:00:00Z,BAC01_2_2400_360_run01,9,197
Enchytraeidae,2400,360,2025-03-17T19:00:00Z,BAC01_2_2400_360_run01,10,215
Enchytraeidae,2400,360,2025-03-18T01:00:00Z,BAC01_2_2400_360_run01,11,233
Enchytraeidae,2400,360,2025-04-03T14:00:00Z,BAC01_3_2400_360_run01,1,46
Enchytraeidae,2400,360,2025-04-03T20:00:00Z,BAC01_3_2400_360_run01,2,79
Enchytraeidae,2400,360,2025-04-04T02:00:00Z,BAC01_3_2400_360_run01,3,96
Enchytraeidae,2400,360,2025-04-04T08:00:00Z,BAC01_3_2400_360_run01,4,136
Enchytraeidae,2400,360,2025-03-03T13:00:00Z,BAC02_1_2400_360_run01,1,8
Enchytraeidae,2400,360,2025-03-03T19:00:00Z,BAC02_1_2400_360_run01,2,18
Enchytraeidae,2400,360,2025-03-04T01:00:00Z,BAC02_1_2400_360_run01,3,26
Enchytraeidae,2400,360,2025-03-04T07:00:00Z,BAC02_1_2400_360_run01,4,32
Enchytraeidae,2400,360,2025-03-04T13:00:00Z,BAC02_1_2400_360_run01,5,41
Enchytraeidae,2400,360,2025-03-04T19:00:00Z,BAC02_1_2400_360_run01,6,48
Enchytraeidae,2400,360,2025-03-05T01:00:00Z,BAC02_1_2400_360_run01,7,54
Enchytraeidae,2400,360,2025-03-05T07:00:00Z,BAC02_1_2400_360_run01,8,64
Enchytraeidae,2400,360,2025-03-05T13:00:00Z,BAC02_1_2400_360_run01,9,74
Enchytraeidae,2400,360,2025-03-05T19:00:00Z,BAC02_1_2400_360_run01,10,87
Enchytraeidae,2400,360,2025-03-06T01:00:00Z,BAC02_1_2400_360_run01,11,101
Enchytraeidae,2400,360,2025-03-18T02:00:00Z,BAC02_2_2400_360_run01,1,13
Enchytraeidae,2400,360,2025-03-18T08:00:00Z,BAC02_2_2400_360_run01,2,32
Enchytraeidae,2400,360,2025-03-18T14:00:00Z,BAC02_2_2400_360_run01,3,52
Enchytraeidae,2400,360,2025-03-18T20:00:00Z,BAC02_2_2400_360_run01,4,62
Enchytraeidae,2400,360,2025-03-19T02:00:00Z,BAC02_2_2400_360_run01,5,73
Enchytraeidae,2400,360,2025-03-19T08:00:00Z,BAC02_2_2400_360_run01,6,87
Enchytraeidae,2400,360,2025-03-19T14:00:00Z,BAC02_2_2400_360_run01,7,106
Enchytraeidae,2400,360,2025-03-19T20:00:00Z,BAC02_2_2400_360_run01,8,108
Enchytraeidae,2400,360,2025-03-20T02:00:00Z,BAC02_2_2400_360_run01,9,140
Enchytraeidae,2400,360,2025-03-20T08:00:00Z,BAC02_2_2400_360_run01,10,165
Enchytraeidae,2400,360,2025-04-01T08:00:00Z,BAC02_3_2400_360_run01,1,15
Enchytraeidae,2400,360,2025-04-01T14:00:00Z,BAC02_3_2400_360_run01,2,35
Enchytraeidae,2400,360,2025-04-01T20:00:00Z,BAC02_3_2400_360_run01,3,49
Enchytraeidae,2400,360,2025-04-02T02:00:00Z,BAC02_3_2400_360_run01,4,66
Enchytraeidae,2400,360,2025-04-02T08:00:00Z,BAC02_3_2400_360_run01,5,89
Enchytraeidae,2400,360,2025-04-02T14:00:00Z,BAC02_3_2400_360_run01,6,105
Enchytraeidae,2400,360,2025-04-02T20:00:00Z,BAC02_3_2400_360_run01,7,113
Enchytraeidae,2400,360,2025-04-03T02:00:00Z,BAC02_3_2400_360_run01,8,140
Enchytraeidae,2400,360,2025-04-03T08:00:00Z,BAC02_3_2400_360_run01,9,171
Enchytraeidae,2400,360,2025-04-03T14:00:00Z,BAC02_3_2400_360_run01,10,188
Enchytraeidae,2400,360,2025-04-03T20:00:00Z,BAC02_3_2400_360_run01,11,194
Enchytraeidae,2400,360,2025-03-04T01:00:00Z,BAC03_1_2400_360_run01,1,8
Enchytraeidae,2400,360,2025-03-04T07:00:00Z,BAC03_1_2400_360_run01,2,23
Enchytraeidae,2400,360,2025-03-04T13:00:00Z,BAC03_1_2400_360_run01,3,35
Enchytraeidae,2400,360,2025-03-04T19:00:00Z,BAC03_1_2400_360_run01,4,48
Enchytraeidae,2400,360,2025-03-05T01:00:00Z,BAC03_1_2400_360_run01,5,54
Enchytraeidae,2400,360,2025-03-05T07:00:00Z,BAC03_1_2400_360_run01,6,58
Enchytraeidae,2400,360,2025-03-05T13:00:00Z,BAC03_1_2400_360_run01,7,67
Enchytraeidae,2400,360,2025-03-05T19:00:00Z,BAC03_1_2400_360_run01,8,77
Enchytraeidae,2400,360,2025-03-06T01:00:00Z,BAC03_1_2400_360_run01,9,89
Enchytraeidae,2400,360,2025-03-06T07:00:00Z,BAC03_1_2400_360_run01,10,94
Enchytraeidae,2400,360,2025-03-06T13:00:00Z,BAC03_1_2400_360_run01,11,97
Enchytraeidae,2400,360,2025-03-21T09:00:00Z,BAC03_2_2400_360_run01,1,27
Enchytraeidae,2400,360,2025-03-21T15:00:00Z,BAC03_2_2400_360_run01,2,35
Enchytraeidae,2400,360,2025-03-21T21:00:00Z,BAC03_2_2400_360_run01,3,51
Enchytraeidae,2400,360,2025-03-22T03:00:00Z,BAC03_2_2400_360_run01,4,64
Enchytraeidae,2400,360,2025-03-22T09:00:00Z,BAC03_2_2400_360_run01,5,77
Enchytraeidae,2400,360,2025-03-22T15:00:00Z,BAC03_2_2400_360_run01,6,81
Enchytraeidae,2400,360,2025-03-22T21:00:00Z,BAC03_2_2400_360_run01,7,96
Enchytraeidae,2400,360,2025-03-23T03:00:00Z,BAC03_2_2400_360_run01,8,113
Enchytraeidae,2400,360,2025-03-23T09:00:00Z,BAC03_2_2400_360_run01,9,139
Enchytraeidae,2400,360,2025-03-23T15:00:00Z,BAC03_2_2400_360_run01,10,148
Enchytraeidae,2400,360,2025-03-23T21:00:00Z,BAC03_2_2400_360_run01,11,162
Enchytraeidae,2400,360,2025-03-26T01:00:00Z,BAC03_3_2400_360_run01,1,11
Enchytraeidae,2400,360,2025-03-26T07:00:00Z,BAC03_3_2400_360_run01,2,22
Enchytraeidae,2400,360,2025-03-26T13:00:00Z,BAC03_3_2400_360_run01,3,33
Enchytraeidae,2400,360,2025-03-26T19:00:00Z,BAC03_3_2400_360_run01,4,54
Enchytraeidae,2400,360,2025-03-27T01:00:00Z,BAC03_3_2400_360_run01,5,67
Enchytraeidae,2400,360,2025-03-27T07:00:00Z,BAC03_3_2400_360_run01,6,78
Enchytraeidae,2400,360,2025-03-27T13:00:00Z,BAC03_3_2400_360_run01,7,88
Enchytraeidae,2400,360,2025-03-27T19:00:00Z,BAC03_3_2400_360_run01,8,96
Enchytraeidae,2400,360,2025-03-28T01:00:00Z,BAC03_3_2400_360_run01,9,117
Enchytraeidae,2400,360,2025-03-28T07:00:00Z,BAC03_3_2400_360_run01,10,134
Enchytraeidae,2400,360,2025-03-28T13:00:00Z,BAC03_3_2400_360_run01,11,141
