taxon,resolution,frequence,run_id,curve_type,AIC,param_a,param_b,param_c
Total,600,15,BAC01_1_600_15_run01,power,-16.244779133491942,2.3546144166425678,1.1290869297180672,NA
Total,600,15,BAC01_1_600_15_run01,michaelis_menten,33.08112870914843,736.2882983245603,236.0346971384271,NA
Total,600,15,BAC01_1_600_15_run01,linear,33.39663186430847,-0.272727272727258,3.045454545454544,NA
Total,600,15,BAC01_1_600_15_run01,logistic,41.04752978997286,34.10627409018671,5.603461063054226,2.265264575884771
Total,600,15,BAC01_1_600_15_run01,logarithmic,59.3332449510189,-2.767977648470351,13.05243606414052,NA
Total,600,15,BAC01_2_600_15_run01,power,-23.021565328413946,6.762228402321971,1.0099302554591512,NA
Total,600,15,BAC01_2_600_15_run01,michaelis_menten,40.52323037281166,339.06961141961426,41.8328162123882,NA
Total,600,15,BAC01_2_600_15_run01,logistic,50.660667654100784,72.51366127219039,5.117931324175617,2.243375728374751
Total,600,15,BAC01_2_600_15_run01,linear,53.41467435821339,2.70909090909093,6.381818181818179,NA
Total,600,15,BAC01_2_600_15_run01,logarithmic,71.94663723278433,-3.1232035917241623,27.730928045776928,NA
Total,600,15,BAC01_3_600_15_run01,power,-34.638570949494444,17.121489187680638,1.0460882442201693,NA
Total,600,15,BAC01_3_600_15_run01,michaelis_menten,55.76833554255121,4696.21322636578,243.53626604550485,NA
Total,600,15,BAC01_3_600_15_run01,linear,58.06904695772589,0.2727272727273394,18.590909090909086,NA
Total,600,15,BAC01_3_600_15_run01,logistic,75.34555069673024,221.71624649640816,5.914967490005259,2.4951556786761477
Total,600,15,BAC01_3_600_15_run01,logarithmic,99.80961820266626,-14.218158762061636,79.21239636460386,NA
Total,600,15,BAC01_4_600_15_run01,power,-31.22602694271538,22.876876652366857,0.950402972751832,NA
Total,600,15,BAC01_4_600_15_run01,michaelis_menten,65.80381144657093,1337.6319635024934,57.16302386857157,NA
Total,600,15,BAC01_4_600_15_run01,asymp_exponential,66.00351704205761,728.9686523731212,0.0319198362023317,NA
Total,600,15,BAC01_4_600_15_run01,linear,69.4517760965812,8.836363636363716,19.2090909090909,NA
Total,600,15,BAC01_4_600_15_run01,logistic,83.89324554036666,246.4003692608591,5.918529646803426,2.7906026491436036
Total,600,15,BAC01_4_600_15_run01,logarithmic,99.21450906698355,-7.042739645162897,82.41599615315015,NA
Total,600,15,BAC02_1_600_15_run01,power,2.375427119500574,1.5111313276899643,1.4757745838809435,NA
Total,600,15,BAC02_1_600_15_run01,linear,37.62707652331369,-2.1999999999999797,4.109090909090907,NA
Total,600,15,BAC02_1_600_15_run01,logistic,50.518618701359145,43.56616802287222,5.747169205980881,2.1227180264314724
Total,600,15,BAC02_1_600_15_run01,logarithmic,64.99100173044809,-5.643280141138435,17.65916153882452,NA
Total,600,15,BAC02_2_600_15_run01,power,-29.035291111799943,7.876096843089959,1.0175435491955256,NA
Total,600,15,BAC02_2_600_15_run01,linear,64.3665129657374,-2.690909090909074,8.645454545454545,NA
Total,600,15,BAC02_2_600_15_run01,logistic,64.36996642993279,165.32106860495836,9.674191264764746,3.68825003896841
Total,600,15,BAC02_2_600_15_run01,logarithmic,89.3597375154238,-7.6880167975244715,35.74203986591659,NA
Total,600,15,BAC02_3_600_15_run01,power,-15.927647538777382,13.226528028748787,0.9563897096668328,NA
Total,600,15,BAC02_3_600_15_run01,michaelis_menten,62.2620055994304,1292.66567068506,98.2803581996754,NA
Total,600,15,BAC02_3_600_15_run01,asymp_exponential,62.26574055911246,678.1372436084666,0.01936384659102129,NA
Total,600,15,BAC02_3_600_15_run01,linear,63.72983735579499,2.7090909090909467,11.745454545454542,NA
Total,600,15,BAC02_3_600_15_run01,logistic,73.51121751765362,144.87561106915453,5.898398758934978,2.634613261290279
Total,600,15,BAC02_3_600_15_run01,logarithmic,90.54156121627041,-6.4198558901168905,50.02874035253071,NA
Total,600,15,BAC03_1_600_15_run01,power,-15.483889272798436,5.784808744677125,0.8647035231909167,NA
Total,600,15,BAC03_1_600_15_run01,logistic,28.481667955350655,52.667982510442016,5.819453281869409,2.579817448164077
Total,600,15,BAC03_1_600_15_run01,linear,37.5831993211402,1.5272727272727518,4.245454545454543,NA
Total,600,15,BAC03_1_600_15_run01,asymp_exponential,37.969889771096476,233.73640398382798,0.020758410393187505,NA
Total,600,15,BAC03_1_600_15_run01,michaelis_menten,38.00318076146406,447.28408217098877,92.07427082559744,NA
Total,600,15,BAC03_1_600_15_run01,logarithmic,70.2820567392078,-1.4238081750064673,17.864037855943682,NA
Total,600,15,BAC03_2_600_15_run01,power,-21.79928327727971,7.039342956525859,0.9108835833420774,NA
Total,600,15,BAC03_2_600_15_run01,logistic,33.139869402749724,79.81606484593622,6.732678713704803,2.858131414355839
Total,600,15,BAC03_2_600_15_run01,linear,38.69458020395796,0.23636363636365784,5.9454545454545435,NA
Total,600,15,BAC03_2_600_15_run01,logarithmic,79.25379268459743,-3.457197971966079,24.741261638459417,NA
Total,600,15,BAC03_3_600_15_run01,power,-32.74336411585269,30.662498968743467,0.6320071228154334,NA
Total,600,15,BAC03_3_600_15_run01,linear,43.97139788302894,24.072727272727292,11.29090909090909,NA
Total,600,15,BAC03_3_600_15_run01,logistic,58.353613603589984,180.65901256640717,5.851256578241707,3.6393162214250276
Total,600,15,BAC03_3_600_15_run01,michaelis_menten,73.06866973678672,323.5457961231433,14.066484183132522,NA
Total,600,15,BAC03_3_600_15_run01,asymp_exponential,74.60895907620186,207.82872073453785,0.10445337093884657,NA
Total,600,15,BAC03_3_600_15_run01,logarithmic,88.9597178828384,15.331380262295015,48.07107865567006,NA
Total,600,15,BAC03_4_600_15_run01,power,-20.936354569401335,4.153220000525041,1.0846962514849878,NA
Total,600,15,BAC03_4_600_15_run01,asymp_exponential,44.13414318837994,217.0281038771939,0.024805697053364665,NA
Total,600,15,BAC03_4_600_15_run01,michaelis_menten,44.225674147618214,416.82403302294483,77.39427712224361,NA
Total,600,15,BAC03_4_600_15_run01,linear,47.96934563929155,0.3818181818181997,4.799999999999998,NA
Total,600,15,BAC03_4_600_15_run01,logistic,49.65445053656305,52.179972264471694,5.209793749851973,2.114619799057458
Total,600,15,BAC03_4_600_15_run01,logarithmic,67.59181230118146,-3.82810769406308,20.746360299010266,NA
Total,600,60,BAC01_1_600_60_run01,power,-20.35955100626963,6.526515596414842,0.7686655530698158,NA
Total,600,60,BAC01_1_600_60_run01,linear,19.769970177908448,3.4285714285714297,3.7380952380952377,NA
Total,600,60,BAC01_1_600_60_run01,michaelis_menten,21.21911948035858,105.97578768186266,18.165311919511584,NA
Total,600,60,BAC01_1_600_60_run01,asymp_exponential,21.775046199812387,62.2479421511599,0.09176609751805767,NA
Total,600,60,BAC01_1_600_60_run01,logistic,22.284171462779135,37.29150185279731,4.022125077143756,2.1579896068822833
Total,600,60,BAC01_1_600_60_run01,logarithmic,41.38377641785012,3.538327377069773,12.607108649851675,NA
Total,600,60,BAC01_3_600_60_run01,power,-31.4237172825961,28.419550947881717,1.0694319489319042,NA
Total,600,60,BAC01_3_600_60_run01,linear,87.40884172882788,-17.909090909090786,35.77272727272726,NA
Total,600,60,BAC01_3_600_60_run01,logistic,91.97265078214042,524.8694197564299,7.924498601482417,3.0523547266496696
Total,600,60,BAC01_3_600_60_run01,logarithmic,119.87310366193515,-38.795262487159924,148.02321557665434,NA
Total,600,60,BAC01_4_600_60_run01,power,-11.082274844605863,26.713288664474703,1.2717184561226216,NA
Total,600,60,BAC01_4_600_60_run01,linear,75.36698163518562,-21.01818181818169,48.29090909090908,NA
Total,600,60,BAC01_4_600_60_run01,logistic,96.49497071455521,538.7751727908792,5.980162752454093,2.2690572286518673
Total,600,60,BAC01_4_600_60_run01,logarithmic,120.90630720109681,-58.426340334273746,205.61229841042882,NA
Total,600,60,BAC02_2_600_60_run01,power,-25.551588488612726,8.628350339973416,0.8497844094763835,NA
Total,600,60,BAC02_2_600_60_run01,linear,46.27140765947314,4.8000000000000185,5.654545454545453,NA
Total,600,60,BAC02_2_600_60_run01,michaelis_menten,47.684340766214596,278.07435508712837,35.78536401152753,NA
Total,600,60,BAC02_2_600_60_run01,logistic,56.680351912595626,77.24986864485375,5.959777603342076,3.0161247250145773
Total,600,60,BAC02_2_600_60_run01,logarithmic,73.19453829408442,0.21545238829068866,24.204237947321438,NA
Total,600,60,BAC02_4_600_60_run01,power,-16.975819160725962,6.900569012886685,1.4234251249178838,NA
Total,600,60,BAC02_4_600_60_run01,logistic,60.42743695904741,294.8580819090255,8.275987015405182,2.3970639690227147
Total,600,60,BAC02_4_600_60_run01,linear,91.76270912229651,-35.18181818181812,22.272727272727266,NA
Total,600,60,BAC02_4_600_60_run01,logarithmic,114.20114250525852,-43.33558738201483,89.11347434503361,NA
Total,600,60,BAC03_1_600_60_run01,power,8.11368482982373,1.7069505655922221,1.4850008172334968,NA
Total,600,60,BAC03_1_600_60_run01,linear,52.90910792149073,-3.490909090909078,4.8999999999999995,NA
Total,600,60,BAC03_1_600_60_run01,logistic,59.0881043620124,69.3765348667794,7.891067151537951,2.9353018615889113
Total,600,60,BAC03_1_600_60_run01,logarithmic,75.06255676161578,-6.7820563166603,20.546011568870817,NA
Total,600,60,BAC03_3_600_60_run01,power,-42.57354126489422,69.61222980843947,0.7090142980631123,NA
Total,600,60,BAC03_3_600_60_run01,michaelis_menten,84.66817351094798,837.8718473246441,13.805207931221199,NA
Total,600,60,BAC03_3_600_60_run01,linear,87.08706375761601,57.981818181818305,30.245454545454532,NA
Total,600,60,BAC03_3_600_60_run01,logistic,91.73786493828527,424.29220562784064,4.996415398128885,3.0394532101572858
Total,600,60,BAC03_3_600_60_run01,logarithmic,105.71718226506567,30.140002859630936,131.551792416156,NA
Total,600,360,BAC01_1_600_360_run01,power,-16.352767960665595,8.668205883321964,0.7833555093694063,NA
Total,600,360,BAC01_1_600_360_run01,logistic,47.551137628390116,78.91313533538839,6.9602453848486,3.25293827918421
Total,600,360,BAC01_1_600_360_run01,linear,50.853247486710984,3.090909090909112,5.272727272727271,NA
Total,600,360,BAC01_1_600_360_run01,michaelis_menten,54.91264230395758,657.5485725133317,107.28462836157958,NA
Total,600,360,BAC01_1_600_360_run01,asymp_exponential,54.92989473691369,348.52811232627687,0.017541506857327152,NA
Total,600,360,BAC01_1_600_360_run01,logarithmic,77.76889470961972,-0.0819264629016224,21.87718296716999,NA
Total,600,360,BAC01_2_600_360_run01,power,-20.268145367385603,6.075489843150764,1.0541558553381278,NA
Total,600,360,BAC01_2_600_360_run01,linear,55.13829366753588,-3.4363636363636174,7.390909090909089,NA
Total,600,360,BAC01_2_600_360_run01,logistic,59.870370199816584,104.01424963630666,7.5969214175295114,2.9539403195965614
Total,600,360,BAC01_2_600_360_run01,logarithmic,85.18253295160184,-7.802787878841192,30.61485784536543,NA
Total,600,360,BAC01_3_600_360_run01,power,-35.48086382190899,90.50096702199836,0.9384949341525373,NA
Total,600,360,BAC01_3_600_360_run01,linear,94.93084989700145,7.163636363636602,79.47272727272724,NA
Total,600,360,BAC01_3_600_360_run01,logistic,105.07920867794965,1126.826205536734,7.072806985470237,3.0670973531356633
Total,600,360,BAC01_3_600_360_run01,logarithmic,135.3142455504565,-45.447662260870004,332.7517911440771,NA
Total,600,360,BAC02_2_600_360_run02,power,11.278630428563742,3.6713348068541216,1.5388783596158142,NA
Total,600,360,BAC02_2_600_360_run02,logistic,53.8583068371895,82.4854286030698,4.361857026593492,1.5785997665177283
Total,600,360,BAC02_2_600_360_run02,linear,55.69782235494941,-2.5277777777777715,9.749999999999998,NA
Total,600,360,BAC02_2_600_360_run02,michaelis_menten,56.21046038145126,1383.6229903421602,140.88303231434787,NA
Total,600,360,BAC02_2_600_360_run02,logarithmic,62.7117641669325,-5.8581569495817405,36.61378918560873,NA
Total,600,360,BAC02_4_600_360_run01,power,-13.803120899779621,13.7039135580691,1.1914090417470584,NA
Total,600,360,BAC02_4_600_360_run01,linear,85.3843408986026,-15.10909090909086,22.56363636363636,NA
Total,600,360,BAC02_4_600_360_run01,logistic,87.06528471869868,262.10738020528385,6.530943434483289,2.347435075176792
Total,600,360,BAC02_4_600_360_run01,logarithmic,109.19482652481567,-29.569678260866517,94.1742354999261,NA
Total,600,360,BAC03_2_600_360_run01,power,-18.689562405594096,3.833284267696209,1.2105677804949537,NA
Total,600,360,BAC03_2_600_360_run01,linear,59.559720387442,-5.581818181818146,6.763636363636359,NA
Total,600,360,BAC03_2_600_360_run01,logistic,63.1025805653215,99.39630181874368,8.249043343977474,2.976558921479462
Total,600,360,BAC03_2_600_360_run01,logarithmic,84.19116005134696,-9.429644676653986,27.923522757509343,NA
Total,1200,15,BAC01_2_1200_15_run01,power,-21.24898092354727,10.872534086089932,0.887094031873634,NA
Total,1200,15,BAC01_2_1200_15_run01,logistic,53.073754250520096,138.81107771453554,7.954493268846577,3.38862086628745
Total,1200,15,BAC01_2_1200_15_run01,linear,54.32461416607328,0.8000000000000338,8.699999999999998,NA
Total,1200,15,BAC01_2_1200_15_run01,logarithmic,88.64117089010558,-4.293174509281666,36.008103911317725,NA
Total,1200,15,BAC01_3_1200_15_run01,power,-45.2747202534594,63.86577584444797,0.9962503203127734,NA
Total,1200,15,BAC01_3_1200_15_run01,asymp_exponential,73.63421053562534,4552.429111707509,0.01470920889113283,NA
Total,1200,15,BAC01_3_1200_15_run01,michaelis_menten,73.7700459784645,8841.643079926404,131.9769608291329,NA
Total,1200,15,BAC01_3_1200_15_run01,linear,81.91454332971578,8.836363636363835,61.754545454545436,NA
Total,1200,15,BAC01_3_1200_15_run01,logistic,95.91154614564206,746.8366109801101,5.870481752390351,2.529694165819054
Total,1200,15,BAC01_3_1200_15_run01,logarithmic,126.28807682958721,-39.08675310805818,262.9912766203442,NA
Total,1200,15,BAC01_4_1200_15_run01,power,-40.28178128214457,15.309711202483042,0.7978251314563343,NA
Total,1200,15,BAC01_4_1200_15_run01,linear,48.77059860431298,8.963636363636388,8.899999999999999,NA
Total,1200,15,BAC01_4_1200_15_run01,michaelis_menten,59.046281968059716,422.7703506997284,33.50592409996082,NA
Total,1200,15,BAC01_4_1200_15_run01,logistic,63.564734768088115,134.38540245073352,6.574761353708433,3.40269078452076
Total,1200,15,BAC01_4_1200_15_run01,logarithmic,84.04935933775045,2.0875677827004484,37.88281866763096,NA
Total,1200,15,BAC02_1_1200_15_run01,power,-13.16419799842435,4.916140764638684,1.140575958377477,NA
Total,1200,15,BAC02_1_1200_15_run01,linear,43.772836534927755,-0.7999999999999824,6.527272727272725,NA
Total,1200,15,BAC02_1_1200_15_run01,michaelis_menten,44.56426742070812,10297.981223404477,1594.7107679892704,NA
Total,1200,15,BAC02_1_1200_15_run01,logistic,55.03028175561275,77.28170635764607,6.022861688803658,2.468211851357504
Total,1200,15,BAC02_1_1200_15_run01,logarithmic,76.7347245248478,-5.9530327815878366,27.852518930090056,NA
Total,1200,15,BAC02_2_1200_15_run01,power,-37.40702179421144,19.074126193442293,1.0216638849190667,NA
Total,1200,15,BAC02_2_1200_15_run01,asymp_exponential,55.62632874997527,1531.2422129440843,0.013673442007662453,NA
Total,1200,15,BAC02_2_1200_15_run01,michaelis_menten,55.699779156201956,2986.559009326628,142.60398431901183,NA
Total,1200,15,BAC02_2_1200_15_run01,linear,61.0850660603157,1.7454545454546053,19.52727272727272,NA
Total,1200,15,BAC02_2_1200_15_run01,logistic,73.71289571178285,230.7368358856683,5.768363393520466,2.4492848408577346
Total,1200,15,BAC02_2_1200_15_run01,logarithmic,100.63996566244467,-13.641351608094169,83.30643481583873,NA
Total,1200,15,BAC02_3_1200_15_run01,power,-30.266499658769604,15.059792324631456,1.0969486647839102,NA
Total,1200,15,BAC02_3_1200_15_run01,linear,64.61934514139708,-5.254545454545415,19.027272727272724,NA
Total,1200,15,BAC02_3_1200_15_run01,logistic,69.4252424716473,223.2651795042538,6.147317555829822,2.4072410850832706
Total,1200,15,BAC02_3_1200_15_run01,logarithmic,102.59107749932261,-18.796031188744827,80.26120643326244,NA
Total,1200,15,BAC02_4_1200_15_run01,power,-32.23052508080801,32.41275051249554,0.9493934077474834,NA
Total,1200,15,BAC02_4_1200_15_run01,michaelis_menten,71.51483112497861,1301.863065785398,36.784926112324044,NA
Total,1200,15,BAC02_4_1200_15_run01,logistic,78.21321939034249,306.529426586078,5.023991493340776,2.2321913498125823
Total,1200,15,BAC02_4_1200_15_run01,linear,85.6966553219981,14.454545454545526,26.863636363636356,NA
Total,1200,15,BAC02_4_1200_15_run01,logarithmic,104.34583996879955,-9.747928341613536,116.5119040137607,NA
Total,1200,15,BAC03_1_1200_15_run01,power,-6.630159623475052,5.364180907069331,1.0215036135709572,NA
Total,1200,15,BAC03_1_1200_15_run01,asymp_exponential,43.12108095879677,123.45126613861427,0.054696121929492816,NA
Total,1200,15,BAC03_1_1200_15_run01,michaelis_menten,43.16591887862775,218.41543719195874,31.986055147125423,NA
Total,1200,15,BAC03_1_1200_15_run01,linear,52.168725971704596,3.254545454545467,4.972727272727272,NA
Total,1200,15,BAC03_1_1200_15_run01,logistic,56.49869388206149,59.39905077536161,5.189073656401452,2.464872440724919
Total,1200,15,BAC03_1_1200_15_run01,logarithmic,64.89263616242945,-1.5182204270787771,21.751441469909665,NA
Total,1200,15,BAC03_2_1200_15_run01,power,-32.21511801532286,13.920768331021396,0.9806188993720882,NA
Total,1200,15,BAC03_2_1200_15_run01,michaelis_menten,61.94877690594142,2611.600565624547,187.53894113049228,NA
Total,1200,15,BAC03_2_1200_15_run01,asymp_exponential,61.96364558550284,1356.1335065491103,0.010258315390875268,NA
Total,1200,15,BAC03_2_1200_15_run01,linear,61.97032615965463,2.145454545454592,13.036363636363632,NA
Total,1200,15,BAC03_2_1200_15_run01,logistic,76.51534549289428,173.41111360758583,6.515500699519246,2.9197345201977836
Total,1200,15,BAC03_2_1200_15_run01,logarithmic,93.10919526467319,-7.754250676518809,55.38108265363505,NA
Total,1200,15,BAC03_4_1200_15_run01,power,-25.034514604555266,11.486383082623886,1.0707417496478036,NA
Total,1200,15,BAC03_4_1200_15_run01,logistic,62.62269465918814,238.29983252049286,8.63603679807401,3.1624938324628205
Total,1200,15,BAC03_4_1200_15_run01,linear,74.04451988714395,-9.399999999999975,14.899999999999999,NA
Total,1200,15,BAC03_4_1200_15_run01,logarithmic,102.3146231239677,-17.027878571917753,60.98091027136797,NA
Total,1200,60,BAC01_1_1200_60_run01,power,-12.470945301224688,11.170189665931328,0.8037362584441021,NA
Total,1200,60,BAC01_1_1200_60_run01,logistic,40.54909216480355,138.65169350085313,8.96148068811064,3.761382719530307
Total,1200,60,BAC01_1_1200_60_run01,linear,60.53154371820166,1.8909090909091086,7.472727272727272,NA
Total,1200,60,BAC01_1_1200_60_run01,logarithmic,87.58261581402266,-1.7935963552616645,30.49481043345397,NA
Total,1200,60,BAC01_2_1200_60_run01,power,-5.630970578853091,15.223644516284752,1.0109320212555866,NA
Total,1200,60,BAC01_2_1200_60_run01,linear,98.85356592636259,-17.65454545454537,19.01818181818181,NA
Total,1200,60,BAC01_2_1200_60_run01,logarithmic,113.67211570563367,-22.995819158878106,75.07318590887543,NA
Total,1200,60,BAC01_3_1200_60_run01,power,-24.52590058478154,35.53674671872575,1.1937494641544566,NA
Total,1200,60,BAC01_3_1200_60_run01,logistic,90.49278735998779,616.0768346168575,5.896501383097474,2.106833776168094
Total,1200,60,BAC01_3_1200_60_run01,linear,91.41637239088197,-31.76363636363608,57.26363636363633,NA
Total,1200,60,BAC01_3_1200_60_run01,logarithmic,126.75096676832345,-72.86645915080443,241.7698904579843,NA
Total,1200,60,BAC01_4_1200_60_run01,power,-23.249407521394442,40.43181095848838,0.9004740472465983,NA
Total,1200,60,BAC01_4_1200_60_run01,asymp_exponential,48.35210923025812,532.0566329513077,0.08005466545652996,NA
Total,1200,60,BAC01_4_1200_60_run01,michaelis_menten,49.15079505281274,941.4651342725653,21.87242854494345,NA
Total,1200,60,BAC01_4_1200_60_run01,logistic,55.52367381776304,262.2445531455374,3.63137801222632,1.7010204793182078
Total,1200,60,BAC01_4_1200_60_run01,linear,61.42676061508419,17.64285714285712,30.35714285714286,NA
Total,1200,60,BAC01_4_1200_60_run01,logarithmic,71.5124564832201,16.321991883856793,104.05142701227393,NA
Total,1200,60,BAC02_2_1200_60_run01,power,-18.667775674002918,5.751620627383362,1.3146987204519784,NA
Total,1200,60,BAC02_2_1200_60_run01,logistic,62.74118014777303,159.81817485904335,7.241008371985688,2.283983651017854
Total,1200,60,BAC02_2_1200_60_run01,linear,71.70744407404479,-15.26666666666664,13.321212121212117,NA
Total,1200,60,BAC02_2_1200_60_run01,logarithmic,90.77847227166248,-18.000508327383763,50.31675873503286,NA
Total,1200,60,BAC02_3_1200_60_run01,power,-34.378477173756224,25.036167373757984,1.1403439429923483,NA
Total,1200,60,BAC02_3_1200_60_run01,linear,75.43710928679201,-19.333333333333275,36.133333333333326,NA
Total,1200,60,BAC02_3_1200_60_run01,logistic,85.02602870080558,445.01465521742233,6.781006869015704,2.5989091646631817
Total,1200,60,BAC02_3_1200_60_run01,logarithmic,106.41636991400358,-32.164024812328606,140.06769464802204,NA
Total,1200,60,BAC02_4_1200_60_run01,power,-32.78121512077832,32.77624269031585,0.900289510993612,NA
Total,1200,60,BAC02_4_1200_60_run01,michaelis_menten,55.32886192493896,1067.5853909268615,32.188996754383346,NA
Total,1200,60,BAC02_4_1200_60_run01,linear,77.09627037184441,18.218181818181886,23.872727272727268,NA
Total,1200,60,BAC02_4_1200_60_run01,logistic,79.92165918100203,293.2808280146128,5.278948521302654,2.5501269748218
Total,1200,60,BAC02_4_1200_60_run01,logarithmic,101.79060737731194,-2.85385538845151,103.2659478503604,NA
Total,1200,60,BAC03_2_1200_60_run01,power,-29.898019889686985,12.997123524168796,0.948742278902879,NA
Total,1200,60,BAC03_2_1200_60_run01,asymp_exponential,54.063508067918946,516.8835067994273,0.02493047029191852,NA
Total,1200,60,BAC03_2_1200_60_run01,michaelis_menten,54.11556521434536,977.3837532709659,75.68742056028627,NA
Total,1200,60,BAC03_2_1200_60_run01,linear,56.86370460553492,3.8545454545454776,11.099999999999998,NA
Total,1200,60,BAC03_2_1200_60_run01,logistic,59.84991641607759,137.64324067715407,5.821108230681693,2.6037755289411564
Total,1200,60,BAC03_2_1200_60_run01,logarithmic,88.68808775077392,-4.844703975303538,47.32471574733535,NA
Total,1200,60,BAC03_3_1200_60_run01,power,-54.15315392389864,40.70505705302088,0.9911161911394795,NA
Total,1200,60,BAC03_3_1200_60_run01,linear,72.83497826768574,-1.999999999999849,40.40909090909089,NA
Total,1200,60,BAC03_3_1200_60_run01,logistic,92.32896362202386,559.98314230094,7.052800682715468,2.9942995334682343
Total,1200,60,BAC03_3_1200_60_run01,logarithmic,119.92430174643796,-29.344898162817255,169.5658598811949,NA
Total,1200,60,BAC03_4_1200_60_run01,power,-22.721204318268434,14.688879037920623,0.9385356690668378,NA
Total,1200,60,BAC03_4_1200_60_run01,asymp_exponential,50.99699358409914,260.164772311628,0.06252380005199504,NA
Total,1200,60,BAC03_4_1200_60_run01,michaelis_menten,51.54377289032438,454.94164353037803,27.59801957500552,NA
Total,1200,60,BAC03_4_1200_60_run01,linear,68.93929343889371,8.963636363636406,11.445454545454542,NA
Total,1200,60,BAC03_4_1200_60_run01,logistic,69.47298943653848,134.93998021911537,4.960678560063675,2.366897797757885
Total,1200,60,BAC03_4_1200_60_run01,logarithmic,83.1641044760207,-1.9479859765081535,50.0178521284534,NA
Total,1200,360,BAC01_1_1200_360_run01,power,-31.386100286356957,11.527751977135594,0.9652674914130543,NA
Total,1200,360,BAC01_1_1200_360_run01,linear,56.59376187178119,1.581818181818229,10.509090909090904,NA
Total,1200,360,BAC01_1_1200_360_run01,michaelis_menten,57.478925637319136,7152.019225124759,658.8502351583052,NA
Total,1200,360,BAC01_1_1200_360_run01,logistic,66.76967081033109,147.58939764064874,6.937178485931826,3.0571854894276544
Total,1200,360,BAC01_1_1200_360_run01,logarithmic,89.74718244469572,-5.891406548888638,44.32589569727336,NA
Total,1200,360,BAC01_2_1200_360_run01,power,-24.225100636034064,20.183489157312096,1.0584289878330497,NA
Total,1200,360,BAC01_2_1200_360_run01,logistic,63.0429002701868,266.2998727225962,5.831442900444959,2.1720801618969636
Total,1200,360,BAC01_2_1200_360_run01,linear,80.73108547785502,-7.290909090909026,23.972727272727266,NA
Total,1200,360,BAC01_2_1200_360_run01,logarithmic,108.65716618056103,-23.985461361615382,100.89184183753575,NA
Total,1200,360,BAC01_4_1200_360_run02,power,-23.222785507356758,65.35559914522884,0.9369375669845922,NA
Total,1200,360,BAC01_4_1200_360_run02,michaelis_menten,63.853482088274646,5763.223359292587,92.08381506572076,NA
Total,1200,360,BAC01_4_1200_360_run02,linear,63.91805911333829,10.750000000000005,56.66666666666667,NA
Total,1200,360,BAC01_4_1200_360_run02,logistic,70.48462053184019,537.6580636425992,4.5499244354099835,2.0501740212988673
Total,1200,360,BAC01_4_1200_360_run02,logarithmic,86.50796166226361,14.39572403838847,189.6190009314107,NA
Total,1200,360,BAC02_1_1200_360_run01,power,-26.50463606964727,11.153918381850179,1.0356533717091208,NA
Total,1200,360,BAC02_1_1200_360_run01,asymp_exponential,54.633658478584834,700.0864965196822,0.018242614870882735,NA
Total,1200,360,BAC02_1_1200_360_run01,michaelis_menten,54.68051513085191,1349.8725905686956,105.61612810970423,NA
Total,1200,360,BAC02_1_1200_360_run01,linear,58.49889898405822,1.5636363636364077,11.618181818181814,NA
Total,1200,360,BAC02_1_1200_360_run01,logistic,67.1217726502436,135.87011603025604,5.643616811479473,2.4108607296091797
Total,1200,360,BAC02_1_1200_360_run01,logarithmic,88.6026497399689,-7.907084018551381,49.76360442713818,NA
Total,1200,360,BAC02_2_1200_360_run01,power,-20.138422513204077,14.634404334182943,0.9383301244570383,NA
Total,1200,360,BAC02_2_1200_360_run01,logistic,69.73029088002808,226.81130043654255,8.618658048018327,3.482340706084255
Total,1200,360,BAC02_2_1200_360_run01,linear,73.58274020347072,-1.2181818181817652,13.309090909090903,NA
Total,1200,360,BAC02_2_1200_360_run01,logarithmic,99.05724438616036,-8.74376310398511,54.91740875592196,NA
Total,1200,360,BAC02_3_1200_360_run01,power,-6.022235149935929,92.90837765716577,1.3717752510960484,NA
Total,1200,360,BAC02_3_1200_360_run01,logistic,140.95803721902564,2790.331661134886,7.017162245284373,2.2053305650859696
Total,1200,360,BAC02_3_1200_360_run01,linear,144.0735162164056,-284.290909090908,243.3363636363635,NA
Total,1200,360,BAC02_3_1200_360_run01,logarithmic,164.33019020288603,-414.7327034142491,999.5858769951385,NA
Total,1200,360,BAC03_1_1200_360_run01,power,-5.4198480989215945,12.451355166925051,0.8582710641855514,NA
Total,1200,360,BAC03_1_1200_360_run01,logistic,55.89113027565529,113.99196868697483,5.9007234784566664,2.4051342337735533
Total,1200,360,BAC03_1_1200_360_run01,linear,69.14077349805777,1.218181818181851,9.463636363636361,NA
Total,1200,360,BAC03_1_1200_360_run01,michaelis_menten,69.29301279513638,5494.488181609255,562.4020694294456,NA
Total,1200,360,BAC03_1_1200_360_run01,logarithmic,91.30090682023624,-4.439813266466431,39.24270741775638,NA
Total,1200,360,BAC03_4_1200_360_run02,power,-13.14612053696521,21.47049747478172,1.1403754114112037,NA
Total,1200,360,BAC03_4_1200_360_run02,linear,72.67063707155955,-9.027777777777752,29.183333333333326,NA
Total,1200,360,BAC03_4_1200_360_run02,logistic,78.21845996985654,353.72656933850254,6.444481674001564,2.5872856986224195
Total,1200,360,BAC03_4_1200_360_run02,logarithmic,89.83517198756603,-13.263445488155147,105.56078899641571,NA
Total,2400,60,BAC01_1_2400_60_run01,power,-22.407215044466078,9.856748631239736,1.0457164991688244,NA
Total,2400,60,BAC01_1_2400_60_run01,michaelis_menten,64.10696718252072,2938.3822260207403,266.44130897720913,NA
Total,2400,60,BAC01_1_2400_60_run01,linear,64.2930840312986,0.7818181818182295,10.581818181818178,NA
Total,2400,60,BAC01_1_2400_60_run01,logistic,76.42681753003288,139.32833627896528,6.537391113814071,2.9021942387313646
Total,2400,60,BAC01_1_2400_60_run01,logarithmic,88.19214171639892,-7.554214437192451,45.14241011909637,NA
Total,2400,60,BAC01_2_2400_60_run01,power,-28.19184036162528,20.779493115528894,0.9568574884373875,NA
Total,2400,60,BAC01_2_2400_60_run01,michaelis_menten,61.82695493231092,1254.076145877594,58.425695825409285,NA
Total,2400,60,BAC01_2_2400_60_run01,asymp_exponential,62.004328504443,681.0581062721042,0.03135426737083296,NA
Total,2400,60,BAC01_2_2400_60_run01,linear,66.31812115820381,7.890909090909135,17.699999999999996,NA
Total,2400,60,BAC01_2_2400_60_run01,logistic,80.50547347864074,227.1103351740107,5.939173298069177,2.7835354671751844
Total,2400,60,BAC01_2_2400_60_run01,logarithmic,97.30695758726142,-6.751079355616796,75.94780554754978,NA
Total,2400,60,BAC01_3_2400_60_run01,power,-25.1959339028473,73.96884108824922,0.8985685034349227,NA
Total,2400,60,BAC01_3_2400_60_run01,linear,75.29847829835687,8.61111111111101,60.63333333333334,NA
Total,2400,60,BAC01_3_2400_60_run01,logistic,77.88624322037207,826.2997765826874,6.720403515556904,2.9168957886748452
Total,2400,60,BAC01_3_2400_60_run01,logarithmic,103.41129000983004,2.7829178355688478,217.23099641881615,NA
Total,2400,60,BAC01_4_2400_60_run01,power,-14.270811922786464,5.763796190153208,1.1469243954599475,NA
Total,2400,60,BAC01_4_2400_60_run01,logistic,52.78590251269317,118.88995550695942,7.4320961780523795,2.5287641676671533
Total,2400,60,BAC01_4_2400_60_run01,linear,63.478533729638215,-7.800000000000006,9.127272727272727,NA
Total,2400,60,BAC01_4_2400_60_run01,logarithmic,83.04661179390932,-9.716678806512787,34.50427386988473,NA
Total,2400,60,BAC02_1_2400_60_run01,power,-16.376084897338295,15.164126393924985,0.8910739405146144,NA
Total,2400,60,BAC02_1_2400_60_run01,logistic,67.910210975766,247.00568216921812,9.691798706564299,3.846309679923974
Total,2400,60,BAC02_1_2400_60_run01,linear,71.69165827482126,-0.3818181818181483,12.518181818181814,NA
Total,2400,60,BAC02_1_2400_60_run01,logarithmic,98.15458337505018,-7.115795113442555,51.437430662042935,NA
Total,2400,60,BAC02_2_2400_60_run01,power,-24.716614756180835,20.29723993390223,1.0361945567569832,NA
Total,2400,60,BAC02_2_2400_60_run01,logistic,67.5768698775558,281.97400988626026,6.43794899175777,2.5035456211894687
Total,2400,60,BAC02_2_2400_60_run01,linear,68.81660988641181,-7.854545454545355,23.263636363636355,NA
Total,2400,60,BAC02_2_2400_60_run01,logarithmic,108.79903260713061,-22.783798782057875,97.1084385881898,NA
Total,2400,60,BAC02_3_2400_60_run01,power,-20.098662694901556,99.81951475478711,0.9993749024046839,NA
Total,2400,60,BAC02_3_2400_60_run01,asymp_exponential,94.65012902655076,2566.387600953704,0.04567253664096535,NA
Total,2400,60,BAC02_3_2400_60_run01,michaelis_menten,94.86222102649738,4636.548867768364,39.26386858661777,NA
Total,2400,60,BAC02_3_2400_60_run01,linear,110.0568782646231,46.23636363636399,91.03636363636359,NA
Total,2400,60,BAC02_3_2400_60_run01,logistic,116.87048495664914,1068.9175512189684,5.233045016879622,2.412731185680537
Total,2400,60,BAC02_3_2400_60_run01,logarithmic,129.8026737077061,-37.45665452581332,395.89197383575,NA
Total,2400,60,BAC02_4_2400_60_run01,power,-20.254404524621094,20.409026937782055,1.1969849085132693,NA
Total,2400,60,BAC02_4_2400_60_run01,logistic,67.59098441703702,421.6112173315526,6.892749176241153,2.348897248812932
Total,2400,60,BAC02_4_2400_60_run01,linear,81.97031684640098,-32.199999999999974,35.78181818181818,NA
Total,2400,60,BAC02_4_2400_60_run01,logarithmic,108.75764180803229,-41.23039089262188,136.2716953716733,NA
Total,2400,60,BAC03_1_2400_60_run01,power,-33.6351655005677,16.963123664053423,0.8954608461741717,NA
Total,2400,60,BAC03_1_2400_60_run01,asymp_exponential,42.70107062106253,286.5860028229815,0.05945135553728888,NA
Total,2400,60,BAC03_1_2400_60_run01,michaelis_menten,43.22048513341224,509.3016503628861,29.590877072601057,NA
Total,2400,60,BAC03_1_2400_60_run01,logistic,58.44648555405898,135.1306502039006,4.641218876210391,2.1912677001141256
Total,2400,60,BAC03_1_2400_60_run01,linear,58.72340671621887,8.26666666666665,12.460606060606063,NA
Total,2400,60,BAC03_1_2400_60_run01,logarithmic,77.68765240464927,1.048116696837666,50.15215450231704,NA
Total,2400,60,BAC03_2_2400_60_run01,power,-12.535990450582474,16.162322154447804,1.1958422931801855,NA
Total,2400,60,BAC03_2_2400_60_run01,linear,76.82781453464457,-23.60000000000008,27.963636363636375,NA
Total,2400,60,BAC03_2_2400_60_run01,logistic,76.88093579172786,309.3948561186988,6.463790415875712,2.242740679640403
Total,2400,60,BAC03_2_2400_60_run01,logarithmic,103.08416630895593,-31.721262981123786,107.20129776497083,NA
Total,2400,60,BAC03_4_2400_60_run01,power,-12.937842015323561,25.311654572783045,1.006971106566532,NA
Total,2400,60,BAC03_4_2400_60_run01,michaelis_menten,81.00743979244542,756.7473408289133,22.15831386240504,NA
Total,2400,60,BAC03_4_2400_60_run01,logistic,83.40691483540357,242.40503790277117,4.381938428909277,1.8911653553720493
Total,2400,60,BAC03_4_2400_60_run01,linear,93.77313915432914,17.563636363636483,22.436363636363627,NA
Total,2400,60,BAC03_4_2400_60_run01,logarithmic,94.31520948735712,-6.5843785886706,99.78273607426532,NA
Total,2400,360,BAC01_1_2400_360_run01,power,-21.30003767657813,14.776810280339474,0.915740926760314,NA
Total,2400,360,BAC01_1_2400_360_run01,michaelis_menten,60.58866863146137,459.16349186940243,29.358487416241402,NA
Total,2400,360,BAC01_1_2400_360_run01,asymp_exponential,61.060011580958346,264.9509057454419,0.058065864526134006,NA
Total,2400,360,BAC01_1_2400_360_run01,linear,67.02578672686029,9.145454545454578,10.945454545454544,NA
Total,2400,360,BAC01_1_2400_360_run01,logistic,76.1628022117032,139.7509260036474,5.454673569565349,2.7670940844792358
Total,2400,360,BAC01_1_2400_360_run01,logarithmic,83.99893330445329,-0.8918388439715131,47.582880761637334,NA
Total,2400,360,BAC01_2_2400_360_run01,power,-14.529977117459516,28.947341386570443,0.9655850875034777,NA
Total,2400,360,BAC01_2_2400_360_run01,logistic,77.80545956438407,448.2662194603779,8.063571164797438,3.1028666071545565
Total,2400,360,BAC01_2_2400_360_run01,linear,89.6316747001231,-11.618181818181716,29.48181818181817,NA
Total,2400,360,BAC01_2_2400_360_run01,logarithmic,117.46519040051841,-26.549838735333598,120.55828549411025,NA
Total,2400,360,BAC01_4_2400_360_run01,power,-21.655682241990924,244.00647309169386,0.8303276048079254,NA
Total,2400,360,BAC01_4_2400_360_run01,linear,132.16371208943423,81.96363636363705,163.7181818181817,NA
Total,2400,360,BAC01_4_2400_360_run01,michaelis_menten,134.42485306809036,32328.2205045253,176.7780259220902,NA
Total,2400,360,BAC01_4_2400_360_run01,logistic,135.4917235536039,2949.8939807210454,8.535153940913256,3.8500052116440795
Total,2400,360,BAC01_4_2400_360_run01,logarithmic,153.25686040493687,-22.585027360516428,683.0776493160663,NA
Total,2400,360,BAC02_1_2400_360_run01,power,-28.214432181308986,14.25177010811348,1.0646679199617044,NA
Total,2400,360,BAC02_1_2400_360_run01,logistic,64.51128041825507,237.52690297432136,7.271793175962108,2.768518231695803
Total,2400,360,BAC02_1_2400_360_run01,linear,68.96823080414552,-8.981818181818133,17.799999999999997,NA
Total,2400,360,BAC02_1_2400_360_run01,logarithmic,104.49357745197099,-19.271221829398847,73.58934898559822,NA
Total,2400,360,BAC02_2_2400_360_run01,power,-31.867901753131164,22.974392079570936,1.0603791705459062,NA
Total,2400,360,BAC02_2_2400_360_run01,linear,76.96588344868822,-9.33333333333332,27.478787878787873,NA
Total,2400,360,BAC02_2_2400_360_run01,logistic,81.62577992380292,399.1401163741599,7.652463268035819,3.016864401055856
Total,2400,360,BAC02_2_2400_360_run01,logarithmic,101.60992231762361,-18.823382051949768,106.34202507038914,NA
Total,2400,360,BAC02_3_2400_360_run01,power,-24.27209975577967,163.01649171789035,1.0678041190999197,NA
Total,2400,360,BAC02_3_2400_360_run01,linear,135.31889910503645,-53.47272727272692,195.1090909090909,NA
Total,2400,360,BAC02_3_2400_360_run01,logistic,141.64620080269955,3159.084739790449,8.427572240388331,3.3981091025011816
Total,2400,360,BAC02_3_2400_360_run01,logarithmic,156.55773607000958,-182.29492972895986,816.7062511352399,NA
Total,2400,360,BAC02_4_2400_360_run01,power,5.093290987371912,151.4759343063234,1.3409470971903068,NA
Total,2400,360,BAC02_4_2400_360_run01,logistic,113.60735320965075,2339.6268255919776,4.292675472693323,0.9146702748213283
Total,2400,360,BAC02_4_2400_360_run01,linear,117.54116292346525,-324.2499999999996,351.49999999999994,NA
Total,2400,360,BAC02_4_2400_360_run01,logarithmic,123.43068477072651,-271.9333761410485,1153.788323932521,NA
Total,2400,360,BAC03_1_2400_360_run01,power,-16.183247698822875,13.332638233779209,1.0685825358556067,NA
Total,2400,360,BAC03_1_2400_360_run01,asymp_exponential,56.832356664704605,853.9130484615243,0.019036994058669005,NA
Total,2400,360,BAC03_1_2400_360_run01,michaelis_menten,56.88421880362205,1640.1173793163446,100.79195974814617,NA
Total,2400,360,BAC03_1_2400_360_run01,linear,61.92713803978658,2.145454545454558,14.718181818181817,NA
Total,2400,360,BAC03_1_2400_360_run01,logistic,73.64222741669644,176.27926265669947,5.791498286859282,2.5143072935161035
Total,2400,360,BAC03_1_2400_360_run01,logarithmic,92.96902561323087,-10.124617976711244,63.21285212707803,NA
Total,2400,360,BAC03_2_2400_360_run01,power,-14.809634738025586,36.668043894013664,0.8277769891831634,NA
Total,2400,360,BAC03_2_2400_360_run01,logistic,78.53061258560354,438.49656675022806,8.349069672683475,3.6072739981378126
Total,2400,360,BAC03_2_2400_360_run01,linear,84.24974300958915,6.872727272727338,25.53636363636363,NA
Total,2400,360,BAC03_2_2400_360_run01,logarithmic,113.29960665359842,-7.270011043327,105.18442125965692,NA
Total,2400,360,BAC03_3_2400_360_run01,power,19.881818440683354,201.74458147712045,1.2958531629673453,NA
Total,2400,360,BAC03_3_2400_360_run01,logistic,152.57336851241374,2664.4419640267893,2.6798960530833775,0.3803999103836248
Total,2400,360,BAC03_3_2400_360_run01,logarithmic,164.32909535498248,133.66675186537282,1260.1575702875352,NA
Total,2400,360,BAC03_3_2400_360_run01,asymp_exponential,166.95161990611314,3337.2431170672016,0.2145836645681926,NA
Total,2400,360,BAC03_3_2400_360_run01,michaelis_menten,168.09131201480875,4931.471614971459,6.49436380898788,NA
Total,2400,360,BAC03_3_2400_360_run01,linear,174.9838286385838,631.6363636363645,251.18181818181813,NA
Acari,1200,15,BAC02_2_1200_15_run01,power,-8.261423841463438,1.2738405166304412,1.0968048793405767,NA
Acari,1200,15,BAC02_2_1200_15_run01,asymp_exponential,22.29639948302805,40.034177586147834,0.045007298920784415,NA
Acari,1200,15,BAC02_2_1200_15_run01,michaelis_menten,22.41124849221118,73.0181703765297,40.301162000535044,NA
Acari,1200,15,BAC02_2_1200_15_run01,linear,28.15689793966544,0.5272727272727341,1.4272727272727266,NA
Acari,1200,15,BAC02_2_1200_15_run01,logistic,31.082543787381763,15.667623234123914,4.927607242104359,2.1311341780679047
Acari,1200,15,BAC02_2_1200_15_run01,logarithmic,38.136250685326125,-0.8553983211861239,6.2511402779857,NA
Acari,1200,60,BAC02_4_1200_60_run01,power,-9.854370590143063,2.7005700665941306,0.8010873444550143,NA
Acari,1200,60,BAC02_4_1200_60_run01,linear,20.090725835523486,0.8928571428571446,1.7738095238095235,NA
Acari,1200,60,BAC02_4_1200_60_run01,logistic,21.764484771224996,29.118457062874068,7.509844561587987,3.2931400273064813
Acari,1200,60,BAC02_4_1200_60_run01,michaelis_menten,22.6984987835586,160.13164307421786,76.59250171994012,NA
Acari,1200,60,BAC02_4_1200_60_run01,asymp_exponential,22.725486784803735,87.73485430373724,0.02370699157486721,NA
Acari,1200,60,BAC02_4_1200_60_run01,logarithmic,34.76298225727545,1.1437406058218527,5.832380120279076,NA
Acari,1200,60,BAC03_4_1200_60_run01,power,0.2902170440854155,0.9274767321884149,1.3811765646932503,NA
Acari,1200,60,BAC03_4_1200_60_run01,linear,38.63081190943032,-1.7090909090909023,2.254545454545454,NA
Acari,1200,60,BAC03_4_1200_60_run01,logistic,45.111035411164465,23.99174208280639,6.035527046393277,2.1438822641968684
Acari,1200,60,BAC03_4_1200_60_run01,logarithmic,56.49477550458881,-3.404394947062237,9.567215129127101,NA
Acari,1200,360,BAC01_4_1200_360_run02,power,5.917673895733449,1.0464378081564785,1.47561781969866,NA
Acari,1200,360,BAC01_4_1200_360_run02,linear,31.04899186795626,-1.142857142857138,2.559523809523809,NA
Acari,1200,360,BAC01_4_1200_360_run02,logistic,34.730454993684795,18.29405314359275,3.847308358905889,1.3411054250672056
Acari,1200,360,BAC01_4_1200_360_run02,logarithmic,35.309827320212676,-1.277064836285142,8.790194177487765,NA
Acari,2400,60,BAC02_4_2400_60_run01,power,-15.410440329385125,3.656285834757244,0.947830020436396,NA
Acari,2400,60,BAC02_4_2400_60_run01,logistic,30.981342064727166,31.22044586533709,4.497943022680703,1.8689017832264019
Acari,2400,60,BAC02_4_2400_60_run01,asymp_exponential,36.21953699916692,81.53869498683302,0.048276929068696774,NA
Acari,2400,60,BAC02_4_2400_60_run01,michaelis_menten,36.42810098535645,150.94332350352767,38.242604308135824,NA
Acari,2400,60,BAC02_4_2400_60_run01,linear,40.59430593782281,1.2000000000000013,3.109090909090909,NA
Acari,2400,60,BAC02_4_2400_60_run01,logarithmic,52.36464177142953,-0.5814787192331582,12.500637563946368,NA
Acari,2400,60,BAC03_2_2400_60_run01,power,-16.480293808287456,6.45391814927334,0.7483301938805513,NA
Acari,2400,60,BAC03_2_2400_60_run01,linear,37.99147495518616,3.9333333333333327,3.3757575757575755,NA
Acari,2400,60,BAC03_2_2400_60_run01,logistic,41.870165379665295,61.45409855998152,7.943791647731825,3.977208659764518
Acari,2400,60,BAC03_2_2400_60_run01,michaelis_menten,45.29417448275274,141.75537307130529,28.27123399756787,NA
Acari,2400,60,BAC03_2_2400_60_run01,asymp_exponential,45.612452438520165,84.33208888952495,0.058008350426214855,NA
Acari,2400,60,BAC03_2_2400_60_run01,logarithmic,57.93069371315381,2.485557702791659,13.250725376030337,NA
Acari,2400,60,BAC03_4_2400_60_run01,power,-18.22370110369034,2.226010985050877,1.0700217986617562,NA
Acari,2400,60,BAC03_4_2400_60_run01,linear,29.250291972625867,-0.4666666666666669,2.612121212121212,NA
Acari,2400,60,BAC03_4_2400_60_run01,logistic,36.42166924870402,38.20476051820949,7.551407714314568,3.091966484617112
Acari,2400,60,BAC03_4_2400_60_run01,logarithmic,53.21677600743091,-1.5062974994347813,10.199865386951487,NA
Acari,2400,360,BAC01_1_2400_360_run01,power,-12.102417634001227,0.9121395849521324,1.4244523408359604,NA
Acari,2400,360,BAC01_1_2400_360_run01,linear,39.57993996399745,-3.0909090909090824,2.6363636363636354,NA
Acari,2400,360,BAC01_1_2400_360_run01,logistic,44.757750495730015,34.68480143572375,7.863059068805665,2.6508645993375435
Acari,2400,360,BAC01_1_2400_360_run01,logarithmic,63.65365614586585,-4.57509328338007,10.87433884680811,NA
Acari,2400,360,BAC01_2_2400_360_run01,power,-12.788143220622015,4.146171799642787,0.8369469787621171,NA
Acari,2400,360,BAC01_2_2400_360_run01,logistic,46.25203812362157,246.2318490912307,20.958122338077693,5.652284976477773
Acari,2400,360,BAC01_2_2400_360_run01,linear,52.273300541921536,1.0181818181818316,2.8909090909090893,NA
Acari,2400,360,BAC01_2_2400_360_run01,logarithmic,67.93941856848168,-0.5310967450945167,11.875123328095146,NA
Acari,2400,360,BAC02_1_2400_360_run01,power,-21.16847116167315,1.9861048303789688,1.1860347284502646,NA
Acari,2400,360,BAC02_1_2400_360_run01,logistic,29.29957195307682,37.09178676874883,6.438141079785981,2.2316653063398846
Acari,2400,360,BAC02_1_2400_360_run01,linear,37.65331908049198,-2.4181818181818073,3.281818181818181,NA
Acari,2400,360,BAC02_1_2400_360_run01,logarithmic,66.95988064871058,-4.418919759323275,13.632951691499764,NA
Acari,2400,360,BAC02_3_2400_360_run01,power,-9.637738488763667,3.906867856242161,1.1696800014586677,NA
Acari,2400,360,BAC02_3_2400_360_run01,logistic,38.993929177208834,74.20538129681408,6.666914398667592,2.2631766045085597
Acari,2400,360,BAC02_3_2400_360_run01,linear,52.365428383625634,-5.563636363636341,6.472727272727271,NA
Acari,2400,360,BAC02_3_2400_360_run01,logarithmic,82.87820151186241,-9.187523378951136,26.685781171342562,NA
Acari,2400,360,BAC03_1_2400_360_run01,power,-7.581458647752495,2.6530783311937505,0.9328754244843583,NA
Acari,2400,360,BAC03_1_2400_360_run01,michaelis_menten,24.033740187210302,62.92841838393679,19.883685851620132,NA
Acari,2400,360,BAC03_1_2400_360_run01,linear,35.24016311522932,2.200000000000005,1.9363636363636358,NA
Acari,2400,360,BAC03_1_2400_360_run01,logistic,39.22822855980754,23.826354967525543,4.85476486687391,2.5399445974957504
Acari,2400,360,BAC03_1_2400_360_run01,logarithmic,41.372340039595365,0.21864962208217334,8.54715020867163,NA
Acari,2400,360,BAC03_2_2400_360_run01,power,-12.393363380359897,6.572602712647096,0.8046063599789471,NA
Acari,2400,360,BAC03_2_2400_360_run01,logistic,52.453075537722505,192.72845608854547,16.039990974709543,5.226243182251225
Acari,2400,360,BAC03_2_2400_360_run01,linear,59.23538446090925,1.7090909090909236,4.290909090909089,NA
Acari,2400,360,BAC03_2_2400_360_run01,logarithmic,76.5617622104705,-0.49710120299096866,17.56728975061339,NA
Collembola,2400,60,BAC01_2_2400_60_run01,power,-10.79866756460325,2.4994746059316357,0.8399095436091228,NA
Collembola,2400,60,BAC01_2_2400_60_run01,logistic,20.954904583052166,25.547272244529747,6.8657029779691685,2.9796131109780246
Collembola,2400,60,BAC01_2_2400_60_run01,linear,25.27628648991152,0.33333333333333093,1.8303030303030305,NA
Collembola,2400,60,BAC01_2_2400_60_run01,logarithmic,48.83880773995796,-0.19490771519362474,7.014445390666603,NA
Collembola,2400,60,BAC02_2_2400_60_run01,power,3.006607890085185,2.937310360524362,0.876781499380922,NA
Collembola,2400,60,BAC02_2_2400_60_run01,logistic,29.883338803403728,50.831271781723956,9.035114468559774,3.066925758315664
Collembola,2400,60,BAC02_2_2400_60_run01,linear,40.80151400211388,-1.2499999999999976,2.7166666666666663,NA
Collembola,2400,60,BAC02_2_2400_60_run01,logarithmic,54.408098792927525,-0.8180392636028273,9.245738825693985,NA
Collembola,2400,60,BAC02_4_2400_60_run01,power,-11.719167087717338,0.9310348891137084,1.4489627927261937,NA
Collembola,2400,60,BAC02_4_2400_60_run01,linear,28.228126320947243,-3.13333333333333,2.751515151515151,NA
Collembola,2400,60,BAC02_4_2400_60_run01,logistic,28.786312658372772,29.471873054069587,6.5980261165412,2.119596000421447
Collembola,2400,60,BAC02_4_2400_60_run01,logarithmic,56.490181069364375,-3.942395638390094,10.554793548746366,NA
Collembola,2400,60,BAC03_1_2400_60_run01,power,-10.799276150853007,1.1757474145588382,1.0660412514143616,NA
Collembola,2400,60,BAC03_1_2400_60_run01,michaelis_menten,9.738384920254589,305.0149507251294,225.963488995189,NA
Collembola,2400,60,BAC03_1_2400_60_run01,linear,10.004171207523317,0.055555555555557135,1.2999999999999996,NA
Collembola,2400,60,BAC03_1_2400_60_run01,logistic,19.34103972573612,13.488015539994455,5.1417554180600344,2.2447614119625383
Collembola,2400,60,BAC03_1_2400_60_run01,logarithmic,30.379709524619226,-0.23460343573513262,4.773648997902859,NA
Collembola,2400,60,BAC03_2_2400_60_run01,power,-0.8457953997732846,1.3321795169976545,1.3522497643072031,NA
Collembola,2400,60,BAC03_2_2400_60_run01,linear,35.170802609511654,-0.9333333333333383,2.6969696969696972,NA
Collembola,2400,60,BAC03_2_2400_60_run01,logistic,41.86334123306155,26.466209456041607,5.153384050927107,1.9875332390054763
Collembola,2400,60,BAC03_2_2400_60_run01,logarithmic,49.14021923184622,-2.4572181531296486,10.829430190676417,NA
Collembola,2400,60,BAC03_4_2400_60_run01,power,-11.281159796622376,1.970232329384432,1.276751880915743,NA
Collembola,2400,60,BAC03_4_2400_60_run01,logistic,25.61641745785978,32.50440291751925,4.852883755647307,1.6159170186090377
Collembola,2400,60,BAC03_4_2400_60_run01,linear,39.858232975515016,-1.6666666666666614,3.5939393939393933,NA
Collembola,2400,60,BAC03_4_2400_60_run01,logarithmic,55.85859359630007,-3.5900688881411913,14.360087678487403,NA
Collembola,2400,360,BAC01_2_2400_360_run01,power,-6.990260720379398,1.696237527678954,1.1211304854314232,NA
Collembola,2400,360,BAC01_2_2400_360_run01,logistic,26.804348591500876,33.60131129648037,7.449202357229198,2.436361499754651
Collembola,2400,360,BAC01_2_2400_360_run01,linear,44.35808093162589,-2.654545454545448,2.654545454545454,NA
Collembola,2400,360,BAC01_2_2400_360_run01,logarithmic,66.50171596300461,-3.7914069912407817,10.724612922855174,NA
Collembola,2400,360,BAC02_1_2400_360_run01,power,-4.148393196116279,2.6248074110781885,0.991795052578095,NA
Collembola,2400,360,BAC02_1_2400_360_run01,logistic,45.95291880564565,34.496826579785186,6.549062174946431,2.299649376608806
Collembola,2400,360,BAC02_1_2400_360_run01,linear,51.90405154894331,-1.4909090909090832,2.899999999999999,NA
Collembola,2400,360,BAC02_1_2400_360_run01,logarithmic,68.29109608676993,-2.9678726494892054,11.86395536936766,NA
Collembola,2400,360,BAC02_3_2400_360_run01,power,-7.00121905873125,4.922091329001319,0.9438005395637019,NA
Collembola,2400,360,BAC02_3_2400_360_run01,logistic,38.58281665089447,43.633361946470856,4.755146867182382,1.8329545680364587
Collembola,2400,360,BAC02_3_2400_360_run01,asymp_exponential,48.086369221199874,207.33851385348186,0.023613259902342334,NA
Collembola,2400,360,BAC02_3_2400_360_run01,michaelis_menten,48.12323780486918,406.1602024399059,83.0469109005484,NA
Collembola,2400,360,BAC02_3_2400_360_run01,linear,49.03374622071053,0.5333333333333439,4.393939393939393,NA
Collembola,2400,360,BAC02_3_2400_360_run01,logarithmic,63.140131290904826,-1.5324688583420047,17.367420766235487,NA
Collembola,2400,360,BAC03_2_2400_360_run01,power,-5.22441265400772,3.255145406176629,1.0501181274071076,NA
Collembola,2400,360,BAC03_2_2400_360_run01,linear,43.04820959832977,-1.1999999999999864,3.836363636363635,NA
Collembola,2400,360,BAC03_2_2400_360_run01,logistic,47.91192293299105,44.857871022171,6.158286619740489,2.4138484132087656
Collembola,2400,360,BAC03_2_2400_360_run01,logarithmic,68.99437122750338,-3.806170461606485,16.104611892318008,NA
Collembola,2400,360,BAC03_3_2400_360_run01,power,-8.140503886529682,2.388387903433555,1.226585958165376,NA
Collembola,2400,360,BAC03_3_2400_360_run01,logistic,49.812647677908636,40.14621903563454,5.3423546289523385,1.8573368412509763
Collembola,2400,360,BAC03_3_2400_360_run01,linear,52.75965507304555,-1.4363636363636272,3.9363636363636356,NA
Collembola,2400,360,BAC03_3_2400_360_run01,logarithmic,67.62711463813976,-4.617746341547016,16.843219325873886,NA
Enchytraeidae,600,15,BAC01_2_600_15_run01,power,-23.193868773739467,6.73148145425361,0.9859287003882589,NA
Enchytraeidae,600,15,BAC01_2_600_15_run01,logistic,45.96700841034608,67.1857014807051,4.945568187842872,2.1474470120997013
Enchytraeidae,600,15,BAC01_2_600_15_run01,michaelis_menten,48.56642684398465,274.55735305301175,34.50356851037686,NA
Enchytraeidae,600,15,BAC01_2_600_15_run01,linear,57.87061993123948,3.1636363636363853,5.972727272727271,NA
Enchytraeidae,600,15,BAC01_2_600_15_run01,logarithmic,70.77657443241338,-2.4266006303986023,26.03614397296827,NA
Enchytraeidae,600,15,BAC01_4_600_15_run01,power,-30.419415613956026,20.82729416835289,0.9602134562450823,NA
Enchytraeidae,600,15,BAC01_4_600_15_run01,michaelis_menten,65.1170023634534,1643.1568104908808,78.13956091152907,NA
Enchytraeidae,600,15,BAC01_4_600_15_run01,asymp_exponential,65.24559937175398,881.6618903801914,0.023761690871623508,NA
Enchytraeidae,600,15,BAC01_4_600_15_run01,linear,66.02259075323246,6.690909090909192,18.081818181818175,NA
Enchytraeidae,600,15,BAC01_4_600_15_run01,logistic,82.25841584494437,238.31983915906855,6.219751506364015,2.891688212811024
Enchytraeidae,600,15,BAC01_4_600_15_run01,logarithmic,98.85138423325009,-7.7326171844380625,77.25031469764501,NA
Enchytraeidae,600,15,BAC02_1_600_15_run01,power,4.411099731286168,1.5568625681886883,1.4413844798715758,NA
Enchytraeidae,600,15,BAC02_1_600_15_run01,logistic,47.483490335398606,37.54200226103228,5.043187129137932,1.8337972176277086
Enchytraeidae,600,15,BAC02_1_600_15_run01,asymp_exponential,47.77608988909801,211.34492583354705,0.018550795048082238,NA
Enchytraeidae,600,15,BAC02_1_600_15_run01,michaelis_menten,47.81520900311683,418.4584777810722,106.88434787244461,NA
Enchytraeidae,600,15,BAC02_1_600_15_run01,linear,48.10531770435087,-0.9272727272727157,3.745454545454545,NA
Enchytraeidae,600,15,BAC02_1_600_15_run01,logarithmic,59.29063711019729,-4.528459091348923,16.387156055677163,NA
Enchytraeidae,600,15,BAC02_2_600_15_run01,power,-24.30096942087207,7.271983572247824,1.013414456644812,NA
Enchytraeidae,600,15,BAC02_2_600_15_run01,logistic,58.89629082847039,150.62222613046703,9.523406606611305,3.5600474624442886
Enchytraeidae,600,15,BAC02_2_600_15_run01,linear,62.78250304177624,-3.490909090909065,8.127272727272725,NA
Enchytraeidae,600,15,BAC02_2_600_15_run01,logarithmic,88.75115514955411,-7.8421170499859185,33.38207124996852,NA
Enchytraeidae,600,15,BAC03_1_600_15_run01,power,-13.405748558186975,4.849709309502062,0.7462083938681409,NA
Enchytraeidae,600,15,BAC03_1_600_15_run01,logistic,27.744403214839654,35.634459123680394,5.88161873785082,2.9645373431516475
Enchytraeidae,600,15,BAC03_1_600_15_run01,linear,29.20342651711468,2.490909090909102,2.599999999999999,NA
Enchytraeidae,600,15,BAC03_1_600_15_run01,michaelis_menten,35.723607953306654,135.00543266176018,37.6611733415991,NA
Enchytraeidae,600,15,BAC03_1_600_15_run01,asymp_exponential,35.8541213931962,76.02919261503264,0.046630000826739966,NA
Enchytraeidae,600,15,BAC03_1_600_15_run01,logarithmic,60.02631460259783,0.7240562541296607,10.914868078360863,NA
Enchytraeidae,600,15,BAC03_2_600_15_run01,power,-16.771873390173262,5.926934853819393,0.9433826468843237,NA
Enchytraeidae,600,15,BAC03_2_600_15_run01,logistic,28.98878546764191,71.69669241043468,6.711329440824736,2.736157590686676
Enchytraeidae,600,15,BAC03_2_600_15_run01,linear,39.609234255611796,-0.7818181818181652,5.509090909090907,NA
Enchytraeidae,600,15,BAC03_2_600_15_run01,logarithmic,78.08804148448517,-4.093786350627546,22.855937250081517,NA
Enchytraeidae,600,15,BAC03_4_600_15_run01,power,-18.48411476055426,3.3406108717517013,1.1053197306712539,NA
Enchytraeidae,600,15,BAC03_4_600_15_run01,asymp_exponential,40.67427035786644,164.61753823394807,0.027608659667667394,NA
Enchytraeidae,600,15,BAC03_4_600_15_run01,michaelis_menten,40.81560693984245,315.79016231731026,69.47524446450507,NA
Enchytraeidae,600,15,BAC03_4_600_15_run01,logistic,41.65461320223114,43.39769248639755,5.190515297890814,2.0881925185740737
Enchytraeidae,600,15,BAC03_4_600_15_run01,linear,45.11066793675343,0.36363636363637825,3.9999999999999987,NA
Enchytraeidae,600,15,BAC03_4_600_15_run01,logarithmic,62.99190670475128,-3.2153434529853304,17.333072909830967,NA
Enchytraeidae,600,60,BAC01_1_600_60_run01,power,-12.934702105768142,4.444970501630457,0.8782666854432796,NA
Enchytraeidae,600,60,BAC01_1_600_60_run01,logistic,13.535054205356825,31.691330223020984,4.283459441592452,1.9471151689152395
Enchytraeidae,600,60,BAC01_1_600_60_run01,michaelis_menten,18.5405701305625,225.64911915119805,56.06465795379489,NA
Enchytraeidae,600,60,BAC01_1_600_60_run01,linear,18.68091278331184,1.071428571428571,3.428571428571429,NA
Enchytraeidae,600,60,BAC01_1_600_60_run01,logarithmic,42.08839143745826,1.333634229908339,11.441345543388893,NA
Enchytraeidae,600,60,BAC01_4_600_60_run01,power,-7.9065984098487725,23.85980008477668,1.2791488166021563,NA
Enchytraeidae,600,60,BAC01_4_600_60_run01,linear,72.47822551607248,-17.79999999999982,43.48181818181816,NA
Enchytraeidae,600,60,BAC01_4_600_60_run01,logistic,95.79321326352607,490.67739365409426,6.023449353477965,2.3149491954216037
Enchytraeidae,600,60,BAC01_4_600_60_run01,logarithmic,118.38864431616949,-51.734110886674216,185.29414796677577,NA
Enchytraeidae,600,60,BAC02_2_600_60_run01,power,-30.564613199219785,7.590960278223663,0.836238616742204,NA
Enchytraeidae,600,60,BAC02_2_600_60_run01,linear,34.427485977295035,3.3090909090909273,5.009090909090908,NA
Enchytraeidae,600,60,BAC02_2_600_60_run01,michaelis_menten,39.769094463222714,327.569857500922,51.684091719645764,NA
Enchytraeidae,600,60,BAC02_2_600_60_run01,asymp_exponential,39.97456846212656,180.095484088009,0.03494884482514825,NA
Enchytraeidae,600,60,BAC02_2_600_60_run01,logistic,45.78032396619069,67.55372470437361,6.077634807989092,2.9403161825135906
Enchytraeidae,600,60,BAC02_2_600_60_run01,logarithmic,72.38649930393528,-0.3963496138933172,21.217764481292303,NA
Enchytraeidae,600,60,BAC02_4_600_60_run01,power,-17.62833544574737,6.191008835496549,1.4617179360958543,NA
Enchytraeidae,600,60,BAC02_4_600_60_run01,logistic,59.80622882543099,291.8407779683934,8.366037495156167,2.375636472684813
Enchytraeidae,600,60,BAC02_4_600_60_run01,linear,92.59706244505227,-36.054545454545384,21.91818181818181,NA
Enchytraeidae,600,60,BAC02_4_600_60_run01,logarithmic,114.21248261233265,-43.71864575288038,87.46875650702202,NA
Enchytraeidae,600,60,BAC03_1_600_60_run01,power,-1.117700149342527,2.33512346744127,1.196028110630402,NA
Enchytraeidae,600,60,BAC03_1_600_60_run01,logistic,42.36183713313762,71.22866416996511,9.202640693108314,3.021898999181917
Enchytraeidae,600,60,BAC03_1_600_60_run01,linear,51.455959480913066,-3.5999999999999948,4.072727272727272,NA
Enchytraeidae,600,60,BAC03_1_600_60_run01,logarithmic,68.0261341181952,-4.333233578590533,15.315546676622736,NA
Enchytraeidae,600,360,BAC01_1_600_360_run01,power,-15.471248937464221,6.056336241491393,0.8497041211025204,NA
Enchytraeidae,600,360,BAC01_1_600_360_run01,logistic,46.35777503048037,60.355973860566095,6.653982108034727,2.9232696495115933
Enchytraeidae,600,360,BAC01_1_600_360_run01,linear,49.34372554818251,1.1454545454545693,4.399999999999998,NA
Enchytraeidae,600,360,BAC01_1_600_360_run01,michaelis_menten,50.27281587998363,2212.997342803737,477.8378314509388,NA
Enchytraeidae,600,360,BAC01_1_600_360_run01,logarithmic,73.85977890947855,-1.538841189896053,18.279146722029488,NA
Enchytraeidae,600,360,BAC01_2_600_360_run01,power,-16.769519041127694,5.075083512750504,1.0657060197517279,NA
Enchytraeidae,600,360,BAC01_2_600_360_run01,linear,52.64398161075288,-3.2363636363636283,6.372727272727272,NA
Enchytraeidae,600,360,BAC01_2_600_360_run01,logistic,57.07205130234125,85.56960071174757,7.315917832631044,2.8159584704881597
Enchytraeidae,600,360,BAC01_2_600_360_run01,logarithmic,81.96791964232138,-7.002943776588549,26.39836903859491,NA
Enchytraeidae,600,360,BAC02_2_600_360_run02,power,14.910532119134263,2.099159587098118,1.7487342832085933,NA
Enchytraeidae,600,360,BAC02_2_600_360_run02,logistic,50.17773601352194,68.33756002466262,4.387629138864503,1.4601286774513955
Enchytraeidae,600,360,BAC02_2_600_360_run02,linear,54.22879010593826,-3.7777777777777906,8.400000000000002,NA
Enchytraeidae,600,360,BAC02_2_600_360_run02,michaelis_menten,56.17373315756262,11069.572841876101,1411.4347602713947,NA
Enchytraeidae,600,360,BAC02_2_600_360_run02,logarithmic,61.29924266695772,-6.547754883820896,31.47439649388431,NA
Enchytraeidae,600,360,BAC02_4_600_360_run01,power,-12.332120509206714,12.669282936794685,1.2029403707409894,NA
Enchytraeidae,600,360,BAC02_4_600_360_run01,linear,85.9517357237372,-15.581818181818148,21.58181818181818,NA
Enchytraeidae,600,360,BAC02_4_600_360_run01,logistic,86.94982343176926,250.58883107402718,6.58889733414859,2.335545649218508
Enchytraeidae,600,360,BAC02_4_600_360_run01,logarithmic,108.69726401923756,-29.108234909965237,89.88475107758387,NA
Enchytraeidae,600,360,BAC03_2_600_360_run01,power,-2.788305208985282,1.2539885799883241,1.600604129522076,NA
Enchytraeidae,600,360,BAC03_2_600_360_run01,linear,60.43064570270544,-7.3272727272727165,5.327272727272726,NA
Enchytraeidae,600,360,BAC03_2_600_360_run01,logistic,60.86542188193175,82.64916835133397,9.074833230890968,2.8773852022893216
Enchytraeidae,600,360,BAC03_2_600_360_run01,logarithmic,80.89535810088812,-9.989320350255555,21.761845763820396,NA
Enchytraeidae,1200,15,BAC01_2_1200_15_run01,power,-17.127368139746387,5.150602271177017,1.03682912435339,NA
Enchytraeidae,1200,15,BAC01_2_1200_15_run01,logistic,40.41942366419521,70.76742182486102,6.338232090067375,2.4437811796645206
Enchytraeidae,1200,15,BAC01_2_1200_15_run01,linear,41.60989441285242,-2.1272727272727066,5.945454545454543,NA
Enchytraeidae,1200,15,BAC01_2_1200_15_run01,logarithmic,78.88509964169084,-5.938689527967254,24.815332276882025,NA
Enchytraeidae,1200,15,BAC01_4_1200_15_run01,power,-29.269145237982897,11.983164944987916,0.8175639133459217,NA
Enchytraeidae,1200,15,BAC01_4_1200_15_run01,linear,50.88215683317985,7.618181818181856,7.154545454545452,NA
Enchytraeidae,1200,15,BAC01_4_1200_15_run01,michaelis_menten,55.790123019034,307.62931398596214,29.288893321270187,NA
Enchytraeidae,1200,15,BAC01_4_1200_15_run01,logistic,62.85185880915777,106.58374260834776,6.401329895640004,3.368511262420006
Enchytraeidae,1200,15,BAC01_4_1200_15_run01,logarithmic,77.98553893705949,1.7522400695386782,30.665976393599202,NA
Enchytraeidae,1200,15,BAC02_1_1200_15_run01,power,-12.288946997491394,3.6999630240142998,1.1259379879403189,NA
Enchytraeidae,1200,15,BAC02_1_1200_15_run01,linear,37.86960603275308,-0.599999999999989,4.781818181818181,NA
Enchytraeidae,1200,15,BAC02_1_1200_15_run01,logistic,49.94428768519123,59.537704840196014,6.373694383073398,2.6459125980994127
Enchytraeidae,1200,15,BAC02_1_1200_15_run01,logarithmic,70.8691536588864,-4.241161852770436,20.320336238647453,NA
Enchytraeidae,1200,15,BAC02_2_1200_15_run01,power,-40.030453342323796,12.356198285680287,0.9700816024991887,NA
Enchytraeidae,1200,15,BAC02_2_1200_15_run01,asymp_exponential,39.72157153691049,990.3152792984312,0.012324106381411511,NA
Enchytraeidae,1200,15,BAC02_2_1200_15_run01,michaelis_menten,39.7242646652771,1921.524582432537,157.34115990271107,NA
Enchytraeidae,1200,15,BAC02_2_1200_15_run01,linear,42.0871927125035,1.945454545454573,11.327272727272724,NA
Enchytraeidae,1200,15,BAC02_2_1200_15_run01,logistic,61.58785645017674,141.9086607750206,6.084870844051936,2.6660725749599403
Enchytraeidae,1200,15,BAC02_2_1200_15_run01,logarithmic,89.80736830189888,-6.547928645394385,48.052361008928756,NA
Enchytraeidae,1200,15,BAC02_4_1200_15_run01,power,-29.91939107617737,29.92527158147573,0.9558172004573526,NA
Enchytraeidae,1200,15,BAC02_4_1200_15_run01,michaelis_menten,70.56713337303367,1147.567714127756,34.29527237449401,NA
Enchytraeidae,1200,15,BAC02_4_1200_15_run01,logistic,77.8417233887252,283.20835254537,4.948371040935006,2.1992544547242754
Enchytraeidae,1200,15,BAC02_4_1200_15_run01,linear,85.44289189030047,14.1636363636364,24.97272727272727,NA
Enchytraeidae,1200,15,BAC02_4_1200_15_run01,logarithmic,102.0114839342601,-8.829804113994737,108.6215521973079,NA
Enchytraeidae,1200,15,BAC03_2_1200_15_run01,power,-28.30581421387202,11.099137906549501,1.0122904730112323,NA
Enchytraeidae,1200,15,BAC03_2_1200_15_run01,linear,62.72183784340689,0.563636363636406,11.25454545454545,NA
Enchytraeidae,1200,15,BAC03_2_1200_15_run01,michaelis_menten,62.781264442652436,15875.363678844784,1392.8139395457622,NA
Enchytraeidae,1200,15,BAC03_2_1200_15_run01,logistic,75.52921550190032,155.29402837138295,6.910303883356787,3.038233657461914
Enchytraeidae,1200,15,BAC03_2_1200_15_run01,logarithmic,90.57792292407595,-7.823957765208416,47.71162424812201,NA
Enchytraeidae,1200,15,BAC03_4_1200_15_run01,power,-31.05647870867316,9.42086792610178,1.0691490341539966,NA
Enchytraeidae,1200,15,BAC03_4_1200_15_run01,logistic,60.05746865595462,181.7191598562006,8.19686667552746,3.0772116700561623
Enchytraeidae,1200,15,BAC03_4_1200_15_run01,linear,65.21142944188908,-6.781818181818102,12.0090909090909,NA
Enchytraeidae,1200,15,BAC03_4_1200_15_run01,logarithmic,96.68338802878563,-13.343838417365268,49.409611018519925,NA
Enchytraeidae,1200,60,BAC01_1_1200_60_run01,power,-16.960916089796,7.47659575806228,0.7810756609811742,NA
Enchytraeidae,1200,60,BAC01_1_1200_60_run01,logistic,42.377842857629076,104.8726523898094,10.504579976093313,4.368040744870842
Enchytraeidae,1200,60,BAC01_1_1200_60_run01,linear,51.05145104724042,2.4363636363636245,4.563636363636364,NA
Enchytraeidae,1200,60,BAC01_1_1200_60_run01,logarithmic,76.08396933762216,-0.024158853190940164,18.75556928125269,NA
Enchytraeidae,1200,60,BAC01_2_1200_60_run01,power,-7.822588994652765,14.855873170245465,0.970924757517745,NA
Enchytraeidae,1200,60,BAC01_2_1200_60_run01,linear,95.39561702944543,-11.363636363636319,16.318181818181813,NA
Enchytraeidae,1200,60,BAC01_2_1200_60_run01,logarithmic,109.8462027791782,-16.67023197549517,64.86987668875378,NA
Enchytraeidae,1200,60,BAC01_4_1200_60_run01,power,-23.571453794041357,31.724545631067144,0.9176529735405841,NA
Enchytraeidae,1200,60,BAC01_4_1200_60_run01,asymp_exponential,43.924084038355446,453.5343257596703,0.07473805148823186,NA
Enchytraeidae,1200,60,BAC01_4_1200_60_run01,michaelis_menten,44.761084866089064,809.2509186903216,23.661433010053766,NA
Enchytraeidae,1200,60,BAC01_4_1200_60_run01,logistic,52.218669236046864,213.41836470592142,3.6823521910667134,1.7083337897376898
Enchytraeidae,1200,60,BAC01_4_1200_60_run01,linear,57.43342516246007,13.000000000000044,24.74999999999999,NA
Enchytraeidae,1200,60,BAC01_4_1200_60_run01,logarithmic,68.20090672182374,11.97136792668083,84.79610833459562,NA
Enchytraeidae,1200,60,BAC02_2_1200_60_run01,power,-18.2962741977555,2.250925014160197,1.6161140148971174,NA
Enchytraeidae,1200,60,BAC02_2_1200_60_run01,logistic,48.78426621172488,106.32458061069987,6.9582301289902455,1.9842514916987266
Enchytraeidae,1200,60,BAC02_2_1200_60_run01,linear,63.782247530313306,-14.46666666666667,9.903030303030304,NA
Enchytraeidae,1200,60,BAC02_2_1200_60_run01,logarithmic,84.7504086995975,-16.387642620493942,37.331900428228614,NA
Enchytraeidae,1200,60,BAC02_4_1200_60_run01,power,-18.337558002910683,24.91692649067645,0.8193637528994097,NA
Enchytraeidae,1200,60,BAC02_4_1200_60_run01,michaelis_menten,67.72084279677512,414.8779313717625,16.40103170462062,NA
Enchytraeidae,1200,60,BAC02_4_1200_60_run01,asymp_exponential,69.24131779640237,257.11171233819596,0.09453472982861538,NA
Enchytraeidae,1200,60,BAC02_4_1200_60_run01,linear,76.52342486241689,21.054545454545508,13.990909090909087,NA
Enchytraeidae,1200,60,BAC02_4_1200_60_run01,logistic,82.08912001929056,185.51332086998107,4.997545581606907,2.849598703499776
Enchytraeidae,1200,60,BAC02_4_1200_60_run01,logarithmic,86.37990164100157,7.227728818496114,61.44875249980747,NA
Enchytraeidae,1200,60,BAC03_2_1200_60_run01,power,-21.471270551940705,9.221765147211421,0.9394087525398186,NA
Enchytraeidae,1200,60,BAC03_2_1200_60_run01,michaelis_menten,49.450713190538266,361.60681150986306,36.80441803190399,NA
Enchytraeidae,1200,60,BAC03_2_1200_60_run01,logistic,56.5116583014513,89.04357779171157,5.30959925006803,2.475734118418513
Enchytraeidae,1200,60,BAC03_2_1200_60_run01,linear,57.193924518108865,4.672727272727299,7.37272727272727,NA
Enchytraeidae,1200,60,BAC03_2_1200_60_run01,logarithmic,76.79910129225198,-1.8265232424267217,31.886752340392775,NA
Enchytraeidae,1200,60,BAC03_4_1200_60_run01,power,-12.603198325748206,11.20605475629378,0.8970127833401972,NA
Enchytraeidae,1200,60,BAC03_4_1200_60_run01,michaelis_menten,44.48537341690771,213.8707015584824,16.10127860144976,NA
Enchytraeidae,1200,60,BAC03_4_1200_60_run01,logistic,62.7920915032195,87.89325938850648,4.379355177478753,2.237953051411044
Enchytraeidae,1200,60,BAC03_4_1200_60_run01,logarithmic,67.24817725093789,1.8563377932698897,33.11450634841081,NA
Enchytraeidae,1200,60,BAC03_4_1200_60_run01,linear,67.57560626268267,9.92727272727273,7.436363636363637,NA
Enchytraeidae,1200,360,BAC01_1_1200_360_run01,power,-15.746908691079732,4.370054919625196,1.2214640137380235,NA
Enchytraeidae,1200,360,BAC01_1_1200_360_run01,linear,62.89843798196374,-5.636363636363606,7.68181818181818,NA
Enchytraeidae,1200,360,BAC01_1_1200_360_run01,logistic,63.620973730755,108.64318660953687,7.899265675622292,2.875124448177003
Enchytraeidae,1200,360,BAC01_1_1200_360_run01,logarithmic,86.72975245264789,-10.138810166374359,31.79734448342008,NA
Enchytraeidae,1200,360,BAC01_2_1200_360_run01,power,-17.823976090408365,16.96192404053778,1.0633838327309288,NA
Enchytraeidae,1200,360,BAC01_2_1200_360_run01,logistic,64.92919257418448,217.54401924438378,5.586286439502644,1.9904015849882513
Enchytraeidae,1200,360,BAC01_2_1200_360_run01,linear,84.46462512355353,-6.199999999999909,20.381818181818172,NA
Enchytraeidae,1200,360,BAC01_2_1200_360_run01,logarithmic,105.37542938362171,-20.81385146392981,86.04307382573273,NA
Enchytraeidae,1200,360,BAC01_4_1200_360_run02,power,-20.520573210328873,56.698835664007056,0.9375634602381471,NA
Enchytraeidae,1200,360,BAC01_4_1200_360_run02,linear,63.05225456885516,6.821428571428575,49.8452380952381,NA
Enchytraeidae,1200,360,BAC01_4_1200_360_run02,michaelis_menten,63.43744330206749,8784.242937702062,165.7372795576073,NA
Enchytraeidae,1200,360,BAC01_4_1200_360_run02,logistic,68.79851601701165,482.74202740653817,4.718716321836384,2.101415809184949
Enchytraeidae,1200,360,BAC01_4_1200_360_run02,logarithmic,85.24576181279025,10.950520112138568,166.09729334107485,NA
Enchytraeidae,1200,360,BAC02_1_1200_360_run01,power,-12.224374865079472,6.127680877235664,1.1464499000551713,NA
Enchytraeidae,1200,360,BAC02_1_1200_360_run01,linear,58.265299471779926,-1.181818181818165,8.272727272727272,NA
Enchytraeidae,1200,360,BAC02_1_1200_360_run01,michaelis_menten,58.549779307961785,2892.7533109733386,347.71748296372164,NA
Enchytraeidae,1200,360,BAC02_1_1200_360_run01,logistic,59.78243932407012,91.10026343194909,5.566779043202981,2.17342675150658
Enchytraeidae,1200,360,BAC02_1_1200_360_run01,logarithmic,82.06261587491204,-7.857812375623673,35.391671863313185,NA
Enchytraeidae,1200,360,BAC02_2_1200_360_run01,power,-15.528178967302356,5.262019399370626,1.0986837527907725,NA
Enchytraeidae,1200,360,BAC02_2_1200_360_run01,logistic,47.08041535339832,105.22138512009488,7.8989952104145935,2.7690641244103458
Enchytraeidae,1200,360,BAC02_2_1200_360_run01,linear,62.48674752125346,-6.163636363636335,7.527272727272724,NA
Enchytraeidae,1200,360,BAC02_2_1200_360_run01,logarithmic,88.18086187468928,-9.745625636593306,30.636067353193898,NA
Enchytraeidae,1200,360,BAC03_1_1200_360_run01,power,-3.4832539388693657,8.3829102221762,0.8833264317783507,NA
Enchytraeidae,1200,360,BAC03_1_1200_360_run01,logistic,53.03117125224494,80.5551109474347,5.8938092386795295,2.2871512498738165
Enchytraeidae,1200,360,BAC03_1_1200_360_run01,linear,65.12908032832514,-0.14545454545452044,6.87272727272727,NA
Enchytraeidae,1200,360,BAC03_1_1200_360_run01,logarithmic,84.96278389789357,-4.1610054305362585,28.440309936226313,NA
Enchytraeidae,1200,360,BAC03_4_1200_360_run02,power,-7.595750841253658,15.423108954118224,1.2140831703816939,NA
Enchytraeidae,1200,360,BAC03_4_1200_360_run02,linear,72.81466663300306,-9.888888888888877,24.33333333333333,NA
Enchytraeidae,1200,360,BAC03_4_1200_360_run02,logistic,78.00869585680309,299.8568456619483,6.640508152082937,2.6111318379966932
Enchytraeidae,1200,360,BAC03_4_1200_360_run02,logarithmic,86.98804108892541,-13.581420534586718,88.13060374127932,NA
Enchytraeidae,2400,60,BAC01_1_2400_60_run01,power,-11.54039322181367,3.4151715958032427,1.116923963339949,NA
Enchytraeidae,2400,60,BAC01_1_2400_60_run01,linear,50.51928133804882,-3.090909090909078,4.863636363636362,NA
Enchytraeidae,2400,60,BAC01_1_2400_60_run01,logistic,55.72196901823904,64.07429108776603,7.319196596897857,2.7581431115622888
Enchytraeidae,2400,60,BAC01_1_2400_60_run01,logarithmic,76.25663723456296,-5.985191789471071,20.159461985886736,NA
Enchytraeidae,2400,60,BAC01_2_2400_60_run01,power,-17.5578858644849,15.27346624690813,0.8775466728990148,NA
Enchytraeidae,2400,60,BAC01_2_2400_60_run01,michaelis_menten,64.34219624109352,392.49568770160846,25.390356853498076,NA
Enchytraeidae,2400,60,BAC01_2_2400_60_run01,asymp_exponential,64.98935552037435,232.00110291449616,0.06509484324138232,NA
Enchytraeidae,2400,60,BAC01_2_2400_60_run01,linear,66.94503570877718,10.654545454545495,10.209090909090905,NA
Enchytraeidae,2400,60,BAC01_2_2400_60_run01,logistic,76.10142027818839,140.45883851442647,5.7869663326688405,3.076248171266817
Enchytraeidae,2400,60,BAC01_2_2400_60_run01,logarithmic,83.037766725532,1.34279815513326,44.35010669044584,NA
Enchytraeidae,2400,60,BAC01_4_2400_60_run01,power,-14.407229640134151,4.9053253277794875,0.9544655303458156,NA
Enchytraeidae,2400,60,BAC01_4_2400_60_run01,logistic,49.780787522578734,90.84748241585548,9.36779680822339,3.4955441937599407
Enchytraeidae,2400,60,BAC01_4_2400_60_run01,linear,53.481824676441995,-1.0666666666666653,4.757575757575758,NA
Enchytraeidae,2400,60,BAC01_4_2400_60_run01,logarithmic,69.81143356653676,-2.28044602854021,18.12744844996318,NA
Enchytraeidae,2400,60,BAC02_1_2400_60_run01,power,-13.458923856470246,7.676245467081274,0.9685431464921557,NA
Enchytraeidae,2400,60,BAC02_1_2400_60_run01,linear,61.471643323381244,-0.7272727272727051,7.409090909090907,NA
Enchytraeidae,2400,60,BAC02_1_2400_60_run01,logistic,66.9501201834325,126.749936959001,8.676073196573906,3.5662269228055945
Enchytraeidae,2400,60,BAC02_1_2400_60_run01,logarithmic,85.02971471575889,-5.381565484510689,30.864342296262798,NA
Enchytraeidae,2400,60,BAC02_2_2400_60_run01,power,-27.41290937927726,13.228047840566461,0.9816495971459034,NA
Enchytraeidae,2400,60,BAC02_2_2400_60_run01,asymp_exponential,55.99803594890806,500.9445532675225,0.02845432630830722,NA
Enchytraeidae,2400,60,BAC02_2_2400_60_run01,michaelis_menten,56.243104858102605,951.6594153577214,66.6849647297266,NA
Enchytraeidae,2400,60,BAC02_2_2400_60_run01,logistic,58.93911955167283,139.3770287503479,5.335003342628157,2.2590746350559483
Enchytraeidae,2400,60,BAC02_2_2400_60_run01,linear,63.41771858037826,2.9636363636363963,12.26363636363636,NA
Enchytraeidae,2400,60,BAC02_2_2400_60_run01,logarithmic,89.55177894771882,-7.2036827294349735,52.63537346824603,NA
Enchytraeidae,2400,60,BAC02_4_2400_60_run01,power,-9.708475880678616,12.521710971009957,1.2719098996117537,NA
Enchytraeidae,2400,60,BAC02_4_2400_60_run01,logistic,60.31819838625346,339.32734092989335,7.436654594835308,2.282958399487564
Enchytraeidae,2400,60,BAC02_4_2400_60_run01,linear,85.67359700520652,-34.46666666666666,27.739393939393935,NA
Enchytraeidae,2400,60,BAC02_4_2400_60_run01,logarithmic,106.13686003908091,-38.67243016144059,103.792470844511,NA
Enchytraeidae,2400,60,BAC03_1_2400_60_run01,power,-15.412182373443844,10.02526106106761,0.9244676877806225,NA
Enchytraeidae,2400,60,BAC03_1_2400_60_run01,logistic,39.62706477843738,73.49951230701566,3.828653106447255,1.6781660471378534
Enchytraeidae,2400,60,BAC03_1_2400_60_run01,michaelis_menten,51.883683683292,196.88784423831544,15.860435778348343,NA
Enchytraeidae,2400,60,BAC03_1_2400_60_run01,logarithmic,61.13550359100124,1.795645862611394,30.32514764528976,NA
Enchytraeidae,2400,60,BAC03_1_2400_60_run01,linear,64.31728784948874,7.466666666666666,7.296969696969697,NA
Enchytraeidae,2400,60,BAC03_2_2400_60_run01,power,-0.15054471287511184,6.519218431263365,1.3736386986909328,NA
Enchytraeidae,2400,60,BAC03_2_2400_60_run01,logistic,72.06314320055665,203.7859190623151,7.063179693787701,2.117191014530423
Enchytraeidae,2400,60,BAC03_2_2400_60_run01,linear,77.54589121314281,-25.199999999999985,18.29090909090909,NA
Enchytraeidae,2400,60,BAC03_2_2400_60_run01,logarithmic,97.54225765187067,-28.34661448643511,68.68629546796771,NA
Enchytraeidae,2400,60,BAC03_4_2400_60_run01,power,-10.717958684332647,22.204944813443106,0.8924888739052194,NA
Enchytraeidae,2400,60,BAC03_4_2400_60_run01,logistic,72.08529985835807,156.31256391817004,3.7219352024049552,1.667903168830498
Enchytraeidae,2400,60,BAC03_4_2400_60_run01,asymp_exponential,74.15311844215167,216.94609081239105,0.12868624809340998,NA
Enchytraeidae,2400,60,BAC03_4_2400_60_run01,michaelis_menten,76.30659679009909,345.65122814366765,11.917575048877707,NA
Enchytraeidae,2400,60,BAC03_4_2400_60_run01,logarithmic,79.44576408852002,5.239015528193702,64.12701908077024,NA
Enchytraeidae,2400,60,BAC03_4_2400_60_run01,linear,91.89664550250393,22.890909090909116,14.063636363636363,NA
Enchytraeidae,2400,360,BAC01_1_2400_360_run01,power,-4.988171960982893,6.736573310194492,0.9201087363660535,NA
Enchytraeidae,2400,360,BAC01_1_2400_360_run01,asymp_exponential,45.238534314616714,72.58907911614106,0.11838471587831538,NA
Enchytraeidae,2400,360,BAC01_1_2400_360_run01,michaelis_menten,45.61399862242908,115.38860920371467,12.860014369691287,NA
Enchytraeidae,2400,360,BAC01_1_2400_360_run01,logarithmic,50.46075739446556,1.7335827267347725,20.393344303452118,NA
Enchytraeidae,2400,360,BAC01_1_2400_360_run01,logistic,59.59972001181009,52.35296033347883,3.9876233218694237,2.072671442790819
Enchytraeidae,2400,360,BAC01_1_2400_360_run01,linear,62.457462978166966,7.12727272727274,4.509090909090908,NA
Enchytraeidae,2400,360,BAC01_2_2400_360_run01,power,-10.124109857640953,22.865184902468318,0.9296303354477774,NA
Enchytraeidae,2400,360,BAC01_2_2400_360_run01,logistic,75.76355414636407,312.93311141827155,7.691741925623453,3.0235967492820968
Enchytraeidae,2400,360,BAC01_2_2400_360_run01,linear,84.26136384089331,-6.254545454545373,21.390909090909084,NA
Enchytraeidae,2400,360,BAC01_2_2400_360_run01,logarithmic,110.54529762954724,-17.096644206331483,87.47778291595925,NA
Enchytraeidae,2400,360,BAC02_1_2400_360_run01,power,-27.15943880143775,8.252067660605388,1.0053690114687712,NA
Enchytraeidae,2400,360,BAC02_1_2400_360_run01,logistic,62.36894206795621,165.33833350897632,9.541626783817458,3.684761974109354
Enchytraeidae,2400,360,BAC02_1_2400_360_run01,linear,63.228840022609845,-2.199999999999954,8.74545454545454,NA
Enchytraeidae,2400,360,BAC02_1_2400_360_run01,logarithmic,89.44984810264285,-7.26744959469763,36.16334206410888,NA
Enchytraeidae,2400,360,BAC02_2_2400_360_run01,power,-15.83702974366184,14.499563130266608,1.0273424316310367,NA
Enchytraeidae,2400,360,BAC02_2_2400_360_run01,linear,72.10763388492613,-1.2000000000000148,15.454545454545455,NA
Enchytraeidae,2400,360,BAC02_2_2400_360_run01,logistic,76.14467081798323,270.21509927594667,8.705228279061544,3.4982297546335905
Enchytraeidae,2400,360,BAC02_2_2400_360_run01,logarithmic,89.97333735052251,-7.173251139415508,60.22958569178689,NA
Enchytraeidae,2400,360,BAC02_3_2400_360_run01,power,-30.654364290719712,15.477885475567367,1.0666552793284143,NA
Enchytraeidae,2400,360,BAC02_3_2400_360_run01,linear,74.97436611120595,-5.636363636363597,18.590909090909086,NA
Enchytraeidae,2400,360,BAC02_3_2400_360_run01,logistic,78.82544851811151,238.3185979947966,6.778737883572253,2.6975668751385165
Enchytraeidae,2400,360,BAC02_3_2400_360_run01,logarithmic,103.90784155384,-17.932769418096424,77.8331906623508,NA
Enchytraeidae,2400,360,BAC03_1_2400_360_run01,power,-9.632187809760374,10.233193150966292,0.9863869880121441,NA
Enchytraeidae,2400,360,BAC03_1_2400_360_run01,michaelis_menten,59.324640100993555,356.64265074731696,28.647236212913853,NA
Enchytraeidae,2400,360,BAC03_1_2400_360_run01,linear,66.92368654633769,6.618181818181863,8.74545454545454,NA
Enchytraeidae,2400,360,BAC03_1_2400_360_run01,logistic,71.14826728981068,106.26758885215426,5.191328643463318,2.534765090193566
Enchytraeidae,2400,360,BAC03_1_2400_360_run01,logarithmic,77.63916886403963,-1.845411030446688,38.297779197897874,NA
Enchytraeidae,2400,360,BAC03_2_2400_360_run01,power,-15.203951234015026,22.787709675669838,0.7771964781905101,NA
Enchytraeidae,2400,360,BAC03_2_2400_360_run01,logistic,70.52286501264138,241.64376154973417,8.264579948201847,3.7641144243532008
Enchytraeidae,2400,360,BAC03_2_2400_360_run01,linear,72.85671775735538,8.018181818181818,13.70909090909091,NA
Enchytraeidae,2400,360,BAC03_2_2400_360_run01,michaelis_menten,77.26886299148569,2681.461594505101,173.1529090307724,NA
Enchytraeidae,2400,360,BAC03_2_2400_360_run01,asymp_exponential,77.28174305682631,1423.6390615136531,0.010854967141769884,NA
Enchytraeidae,2400,360,BAC03_2_2400_360_run01,logarithmic,99.39450280469907,0.13132096916031327,56.65284133217851,NA
Enchytraeidae,2400,360,BAC03_3_2400_360_run01,power,-26.806183704239544,10.888666295181741,1.0810769945686662,NA
Enchytraeidae,2400,360,BAC03_3_2400_360_run01,linear,63.95525011294956,-2.9090909090908372,13.22727272727272,NA
Enchytraeidae,2400,360,BAC03_3_2400_360_run01,logistic,75.7013050376612,165.01290622827145,6.4883034136933375,2.6653698063186533
Enchytraeidae,2400,360,BAC03_3_2400_360_run01,logarithmic,94.53261583744596,-12.50691572164333,55.91125933536662,NA
